flight_id,departure_airport,arrival_airport,flight_date,duration_hours,distance,plane_model,tickets_sold,revenue
136289,AAQ,SVO,2017-09-12,1.6666666666666665,1272.4573827703678,Boeing 737-300,1,24400.00
136594,AAQ,EGO,2016-08-16,0.8333333333333334,681.3040727311449,Sukhoi Superjet-100,3,58400.00
136877,AAQ,EGO,2016-08-18,0.8333333333333334,681.3040727311449,Sukhoi Superjet-100,3,58500.00
136863,AAQ,EGO,2016-08-15,0.8333333333333334,681.3040727311449,Sukhoi Superjet-100,3,79900.00
136602,AAQ,EGO,2016-08-20,0.8333333333333334,681.3040727311449,Sukhoi Superjet-100,4,81900.00
136144,AAQ,SVO,2017-09-13,1.6666666666666665,1272.4573827703678,Boeing 737-300,2,97600.00
136731,AAQ,EGO,2016-08-19,0.8333333333333334,681.3040727311449,Sukhoi Superjet-100,4,118800.00
136614,AAQ,EGO,2017-09-14,0.8333333333333334,681.3040727311449,Sukhoi Superjet-100,4,137900.00
136616,AAQ,EGO,2016-08-17,0.8333333333333334,681.3040727311449,Sukhoi Superjet-100,5,224900.00
136749,AAQ,EGO,2016-08-21,0.8333333333333334,681.3040727311449,Sukhoi Superjet-100,9,449700.00
136163,AAQ,SVO,2017-09-11,1.6666666666666665,1272.4573827703678,Boeing 737-300,14,551200.00
136601,AAQ,EGO,2016-08-22,0.8333333333333334,681.3040727311449,Sukhoi Superjet-100,25,1183200.00
136892,AAQ,EGO,2017-09-12,0.8333333333333334,681.3040727311449,Sukhoi Superjet-100,23,1202000.00
136644,AAQ,EGO,2017-09-13,0.8333333333333334,681.3040727311449,Sukhoi Superjet-100,21,1207000.00
136834,AAQ,EGO,2016-08-23,0.8333333333333334,681.3040727311449,Sukhoi Superjet-100,27,1227300.00
136267,AAQ,SVO,2017-09-09,1.6666666666666665,1272.4573827703678,Boeing 737-300,25,1344400.00
136593,AAQ,EGO,2017-09-10,0.8333333333333334,681.3040727311449,Sukhoi Superjet-100,31,1446100.00
136916,AAQ,EGO,2016-08-24,0.8333333333333334,681.3040727311449,Sukhoi Superjet-100,30,1480600.00
136599,AAQ,EGO,2017-09-11,0.8333333333333334,681.3040727311449,Sukhoi Superjet-100,26,1586500.00
136381,AAQ,SVO,2017-09-10,1.6666666666666665,1272.4573827703678,Boeing 737-300,30,1624600.00
136395,AAQ,SVO,2017-09-08,1.6666666666666665,1272.4573827703678,Boeing 737-300,31,1938400.00
136422,AAQ,SVO,2016-08-18,1.6666666666666665,1272.4573827703678,Boeing 737-300,44,2262800.00
136170,AAQ,SVO,2017-09-07,1.6666666666666665,1272.4573827703678,Boeing 737-300,40,2390600.00
136221,AAQ,SVO,2017-09-04,1.6666666666666665,1272.4573827703678,Boeing 737-300,56,2540400.00
136265,AAQ,SVO,2016-08-19,1.6666666666666665,1272.4573827703678,Boeing 737-300,51,2724600.00
136446,AAQ,SVO,2016-08-15,1.6666666666666665,1272.4573827703678,Boeing 737-300,48,2783600.00
136881,AAQ,EGO,2017-09-07,0.8333333333333334,681.3040727311449,Sukhoi Superjet-100,54,2832200.00
136744,AAQ,EGO,2017-05-01,0.8333333333333334,681.3040727311449,Sukhoi Superjet-100,62,2864800.00
136416,AAQ,SVO,2016-08-16,1.6666666666666665,1272.4573827703678,Boeing 737-300,48,2897600.00
136775,AAQ,EGO,2016-08-26,0.8333333333333334,681.3040727311449,Sukhoi Superjet-100,72,2932300.00
136714,AAQ,EGO,2017-09-09,0.8333333333333334,681.3040727311449,Sukhoi Superjet-100,59,2952900.00
136642,AAQ,EGO,2017-01-30,0.8333333333333334,681.3040727311449,Sukhoi Superjet-100,64,2965000.00
136344,AAQ,SVO,2017-09-05,1.6666666666666665,1272.4573827703678,Boeing 737-300,59,3017900.00
136219,AAQ,SVO,2016-08-17,1.6666666666666665,1272.4573827703678,Boeing 737-300,49,3019600.00
136820,AAQ,EGO,2017-04-06,0.8333333333333334,681.3040727311449,Sukhoi Superjet-100,69,3038800.00
136721,AAQ,EGO,2017-03-15,0.8333333333333334,681.3040727311449,Sukhoi Superjet-100,74,3124000.00
136581,AAQ,EGO,2017-09-05,0.8333333333333334,681.3040727311449,Sukhoi Superjet-100,70,3244100.00
136850,AAQ,EGO,2017-09-08,0.8333333333333334,681.3040727311449,Sukhoi Superjet-100,60,3248500.00
136786,AAQ,EGO,2016-11-15,0.8333333333333334,681.3040727311449,Sukhoi Superjet-100,74,3257700.00
136145,AAQ,SVO,2016-08-21,1.6666666666666665,1272.4573827703678,Boeing 737-300,58,3304800.00
136719,AAQ,EGO,2016-09-14,0.8333333333333334,681.3040727311449,Sukhoi Superjet-100,77,3308700.00
136807,AAQ,EGO,2017-02-23,0.8333333333333334,681.3040727311449,Sukhoi Superjet-100,68,3313200.00
136818,AAQ,EGO,2017-03-31,0.8333333333333334,681.3040727311449,Sukhoi Superjet-100,78,3339500.00
136894,AAQ,EGO,2016-10-02,0.8333333333333334,681.3040727311449,Sukhoi Superjet-100,73,3402900.00
136685,AAQ,EGO,2017-05-17,0.8333333333333334,681.3040727311449,Sukhoi Superjet-100,72,3435400.00
136936,AAQ,EGO,2017-01-02,0.8333333333333334,681.3040727311449,Sukhoi Superjet-100,82,3468500.00
136702,AAQ,EGO,2016-12-23,0.8333333333333334,681.3040727311449,Sukhoi Superjet-100,84,3508800.00
136887,AAQ,EGO,2017-01-20,0.8333333333333334,681.3040727311449,Sukhoi Superjet-100,78,3546600.00
136937,AAQ,EGO,2017-01-03,0.8333333333333334,681.3040727311449,Sukhoi Superjet-100,81,3572300.00
136879,AAQ,EGO,2016-11-03,0.8333333333333334,681.3040727311449,Sukhoi Superjet-100,70,3573200.00
136926,AAQ,EGO,2017-03-10,0.8333333333333334,681.3040727311449,Sukhoi Superjet-100,78,3574900.00
136912,AAQ,EGO,2017-03-17,0.8333333333333334,681.3040727311449,Sukhoi Superjet-100,73,3578500.00
136922,AAQ,EGO,2017-02-11,0.8333333333333334,681.3040727311449,Sukhoi Superjet-100,76,3589600.00
136615,AAQ,EGO,2017-05-07,0.8333333333333334,681.3040727311449,Sukhoi Superjet-100,81,3591200.00
136626,AAQ,EGO,2017-08-06,0.8333333333333334,681.3040727311449,Sukhoi Superjet-100,82,3611800.00
136711,AAQ,EGO,2017-06-01,0.8333333333333334,681.3040727311449,Sukhoi Superjet-100,82,3628300.00
136902,AAQ,EGO,2016-10-24,0.8333333333333334,681.3040727311449,Sukhoi Superjet-100,84,3629600.00
136364,AAQ,SVO,2016-08-20,1.6666666666666665,1272.4573827703678,Boeing 737-300,61,3639300.00
136678,AAQ,EGO,2017-01-28,0.8333333333333334,681.3040727311449,Sukhoi Superjet-100,80,3657300.00
136568,AAQ,EGO,2016-09-30,0.8333333333333334,681.3040727311449,Sukhoi Superjet-100,84,3660900.00
136808,AAQ,EGO,2016-10-09,0.8333333333333334,681.3040727311449,Sukhoi Superjet-100,78,3669300.00
136569,AAQ,EGO,2017-04-26,0.8333333333333334,681.3040727311449,Sukhoi Superjet-100,78,3679600.00
136625,AAQ,EGO,2017-08-03,0.8333333333333334,681.3040727311449,Sukhoi Superjet-100,78,3682800.00
136572,AAQ,EGO,2016-08-25,0.8333333333333334,681.3040727311449,Sukhoi Superjet-100,71,3690400.00
136670,AAQ,EGO,2017-05-09,0.8333333333333334,681.3040727311449,Sukhoi Superjet-100,75,3693800.00
136792,AAQ,EGO,2017-07-11,0.8333333333333334,681.3040727311449,Sukhoi Superjet-100,79,3704300.00
136940,AAQ,EGO,2017-05-18,0.8333333333333334,681.3040727311449,Sukhoi Superjet-100,77,3715800.00
136844,AAQ,EGO,2017-02-28,0.8333333333333334,681.3040727311449,Sukhoi Superjet-100,79,3720700.00
136692,AAQ,EGO,2017-07-04,0.8333333333333334,681.3040727311449,Sukhoi Superjet-100,83,3722900.00
136609,AAQ,EGO,2017-01-08,0.8333333333333334,681.3040727311449,Sukhoi Superjet-100,81,3735000.00
136637,AAQ,EGO,2017-05-08,0.8333333333333334,681.3040727311449,Sukhoi Superjet-100,81,3743500.00
136838,AAQ,EGO,2017-01-24,0.8333333333333334,681.3040727311449,Sukhoi Superjet-100,86,3747800.00
136278,AAQ,SVO,2017-09-02,1.6666666666666665,1272.4573827703678,Boeing 737-300,71,3759000.00
136730,AAQ,EGO,2017-05-26,0.8333333333333334,681.3040727311449,Sukhoi Superjet-100,81,3762200.00
136727,AAQ,EGO,2017-06-24,0.8333333333333334,681.3040727311449,Sukhoi Superjet-100,86,3770100.00
136618,AAQ,EGO,2017-07-08,0.8333333333333334,681.3040727311449,Sukhoi Superjet-100,82,3771700.00
136909,AAQ,EGO,2016-09-13,0.8333333333333334,681.3040727311449,Sukhoi Superjet-100,87,3776100.00
136694,AAQ,EGO,2017-05-05,0.8333333333333334,681.3040727311449,Sukhoi Superjet-100,80,3782100.00
136896,AAQ,EGO,2017-08-13,0.8333333333333334,681.3040727311449,Sukhoi Superjet-100,89,3786200.00
136800,AAQ,EGO,2016-12-09,0.8333333333333334,681.3040727311449,Sukhoi Superjet-100,82,3789000.00
136770,AAQ,EGO,2017-07-06,0.8333333333333334,681.3040727311449,Sukhoi Superjet-100,81,3799700.00
136753,AAQ,EGO,2017-07-18,0.8333333333333334,681.3040727311449,Sukhoi Superjet-100,80,3807200.00
136946,AAQ,EGO,2017-06-13,0.8333333333333334,681.3040727311449,Sukhoi Superjet-100,83,3824300.00
136689,AAQ,EGO,2017-08-11,0.8333333333333334,681.3040727311449,Sukhoi Superjet-100,91,3825900.00
136598,AAQ,EGO,2016-11-11,0.8333333333333334,681.3040727311449,Sukhoi Superjet-100,90,3829200.00
136928,AAQ,EGO,2017-08-17,0.8333333333333334,681.3040727311449,Sukhoi Superjet-100,84,3831800.00
136713,AAQ,EGO,2016-09-10,0.8333333333333334,681.3040727311449,Sukhoi Superjet-100,74,3846600.00
136638,AAQ,EGO,2017-08-09,0.8333333333333334,681.3040727311449,Sukhoi Superjet-100,82,3847100.00
136620,AAQ,EGO,2017-02-17,0.8333333333333334,681.3040727311449,Sukhoi Superjet-100,79,3854500.00
136843,AAQ,EGO,2016-12-04,0.8333333333333334,681.3040727311449,Sukhoi Superjet-100,78,3865400.00
136929,AAQ,EGO,2016-12-31,0.8333333333333334,681.3040727311449,Sukhoi Superjet-100,82,3868700.00
136960,AAQ,EGO,2017-07-09,0.8333333333333334,681.3040727311449,Sukhoi Superjet-100,92,3873800.00
136923,AAQ,EGO,2017-09-02,0.8333333333333334,681.3040727311449,Sukhoi Superjet-100,84,3876500.00
136597,AAQ,EGO,2017-03-24,0.8333333333333334,681.3040727311449,Sukhoi Superjet-100,79,3896800.00
136707,AAQ,EGO,2017-03-27,0.8333333333333334,681.3040727311449,Sukhoi Superjet-100,83,3915500.00
136584,AAQ,EGO,2016-11-20,0.8333333333333334,681.3040727311449,Sukhoi Superjet-100,81,3923400.00
136888,AAQ,EGO,2017-02-14,0.8333333333333334,681.3040727311449,Sukhoi Superjet-100,79,3946300.00
136679,AAQ,EGO,2016-11-12,0.8333333333333334,681.3040727311449,Sukhoi Superjet-100,74,3955900.00
136577,AAQ,EGO,2017-03-01,0.8333333333333334,681.3040727311449,Sukhoi Superjet-100,84,3957400.00
136687,AAQ,EGO,2017-06-16,0.8333333333333334,681.3040727311449,Sukhoi Superjet-100,82,3960000.00
136767,AAQ,EGO,2017-01-23,0.8333333333333334,681.3040727311449,Sukhoi Superjet-100,83,3976600.00
136175,AAQ,SVO,2016-08-22,1.6666666666666665,1272.4573827703678,Boeing 737-300,73,3976800.00
136830,AAQ,EGO,2017-09-03,0.8333333333333334,681.3040727311449,Sukhoi Superjet-100,86,3989800.00
136876,AAQ,EGO,2017-04-27,0.8333333333333334,681.3040727311449,Sukhoi Superjet-100,83,3991600.00
136822,AAQ,EGO,2017-03-20,0.8333333333333334,681.3040727311449,Sukhoi Superjet-100,90,3993900.00
136712,AAQ,EGO,2017-04-18,0.8333333333333334,681.3040727311449,Sukhoi Superjet-100,81,3995100.00
136738,AAQ,EGO,2016-12-20,0.8333333333333334,681.3040727311449,Sukhoi Superjet-100,87,4006100.00
136608,AAQ,EGO,2017-03-26,0.8333333333333334,681.3040727311449,Sukhoi Superjet-100,85,4038600.00
136899,AAQ,EGO,2016-11-23,0.8333333333333334,681.3040727311449,Sukhoi Superjet-100,84,4041200.00
136691,AAQ,EGO,2016-12-13,0.8333333333333334,681.3040727311449,Sukhoi Superjet-100,87,4056100.00
136647,AAQ,EGO,2016-09-24,0.8333333333333334,681.3040727311449,Sukhoi Superjet-100,85,4072100.00
136828,AAQ,EGO,2017-09-06,0.8333333333333334,681.3040727311449,Sukhoi Superjet-100,81,4075300.00
136939,AAQ,EGO,2016-10-15,0.8333333333333334,681.3040727311449,Sukhoi Superjet-100,86,4080900.00
136886,AAQ,EGO,2016-12-16,0.8333333333333334,681.3040727311449,Sukhoi Superjet-100,90,4084900.00
136722,AAQ,EGO,2016-11-19,0.8333333333333334,681.3040727311449,Sukhoi Superjet-100,80,4089500.00
136317,AAQ,SVO,2017-09-03,1.6666666666666665,1272.4573827703678,Boeing 737-300,60,4093800.00
136118,AAQ,SVO,2017-09-06,1.6666666666666665,1272.4573827703678,Boeing 737-300,63,4094900.00
136703,AAQ,EGO,2017-06-20,0.8333333333333334,681.3040727311449,Sukhoi Superjet-100,81,4105100.00
136673,AAQ,EGO,2016-08-28,0.8333333333333334,681.3040727311449,Sukhoi Superjet-100,89,4105400.00
136852,AAQ,EGO,2017-08-15,0.8333333333333334,681.3040727311449,Sukhoi Superjet-100,83,4116700.00
136865,AAQ,EGO,2016-12-11,0.8333333333333334,681.3040727311449,Sukhoi Superjet-100,88,4116700.00
136748,AAQ,EGO,2016-11-09,0.8333333333333334,681.3040727311449,Sukhoi Superjet-100,94,4120100.00
136832,AAQ,EGO,2017-08-20,0.8333333333333334,681.3040727311449,Sukhoi Superjet-100,87,4127700.00
136763,AAQ,EGO,2017-08-21,0.8333333333333334,681.3040727311449,Sukhoi Superjet-100,91,4135700.00
136737,AAQ,EGO,2016-09-12,0.8333333333333334,681.3040727311449,Sukhoi Superjet-100,91,4139700.00
136656,AAQ,EGO,2016-09-19,0.8333333333333334,681.3040727311449,Sukhoi Superjet-100,92,4163400.00
136674,AAQ,EGO,2016-09-17,0.8333333333333334,681.3040727311449,Sukhoi Superjet-100,90,4164600.00
136861,AAQ,EGO,2017-02-12,0.8333333333333334,681.3040727311449,Sukhoi Superjet-100,87,4172100.00
136680,AAQ,EGO,2016-12-26,0.8333333333333334,681.3040727311449,Sukhoi Superjet-100,92,4173200.00
136582,AAQ,EGO,2017-03-16,0.8333333333333334,681.3040727311449,Sukhoi Superjet-100,89,4176200.00
136849,AAQ,EGO,2016-09-03,0.8333333333333334,681.3040727311449,Sukhoi Superjet-100,89,4187800.00
136585,AAQ,EGO,2017-04-13,0.8333333333333334,681.3040727311449,Sukhoi Superjet-100,87,4190300.00
136908,AAQ,EGO,2017-06-06,0.8333333333333334,681.3040727311449,Sukhoi Superjet-100,80,4195000.00
136831,AAQ,EGO,2016-09-21,0.8333333333333334,681.3040727311449,Sukhoi Superjet-100,78,4195100.00
136777,AAQ,EGO,2016-09-01,0.8333333333333334,681.3040727311449,Sukhoi Superjet-100,82,4205900.00
136823,AAQ,EGO,2017-02-05,0.8333333333333334,681.3040727311449,Sukhoi Superjet-100,78,4207200.00
136911,AAQ,EGO,2016-12-12,0.8333333333333334,681.3040727311449,Sukhoi Superjet-100,87,4217400.00
136799,AAQ,EGO,2016-10-23,0.8333333333333334,681.3040727311449,Sukhoi Superjet-100,90,4221400.00
136903,AAQ,EGO,2017-04-01,0.8333333333333334,681.3040727311449,Sukhoi Superjet-100,92,4224400.00
136918,AAQ,EGO,2017-07-05,0.8333333333333334,681.3040727311449,Sukhoi Superjet-100,91,4224800.00
136905,AAQ,EGO,2016-10-13,0.8333333333333334,681.3040727311449,Sukhoi Superjet-100,87,4230000.00
136587,AAQ,EGO,2016-10-29,0.8333333333333334,681.3040727311449,Sukhoi Superjet-100,86,4230200.00
136570,AAQ,EGO,2017-07-03,0.8333333333333334,681.3040727311449,Sukhoi Superjet-100,81,4234800.00
136839,AAQ,EGO,2017-06-29,0.8333333333333334,681.3040727311449,Sukhoi Superjet-100,89,4247800.00
136699,AAQ,EGO,2017-07-19,0.8333333333333334,681.3040727311449,Sukhoi Superjet-100,91,4248800.00
136592,AAQ,EGO,2016-12-25,0.8333333333333334,681.3040727311449,Sukhoi Superjet-100,89,4249400.00
136621,AAQ,EGO,2016-09-20,0.8333333333333334,681.3040727311449,Sukhoi Superjet-100,93,4252800.00
136756,AAQ,EGO,2017-06-05,0.8333333333333334,681.3040727311449,Sukhoi Superjet-100,97,4255000.00
136952,AAQ,EGO,2016-11-24,0.8333333333333334,681.3040727311449,Sukhoi Superjet-100,92,4262100.00
136683,AAQ,EGO,2016-10-25,0.8333333333333334,681.3040727311449,Sukhoi Superjet-100,90,4266500.00
136697,AAQ,EGO,2017-06-26,0.8333333333333334,681.3040727311449,Sukhoi Superjet-100,89,4269900.00
136817,AAQ,EGO,2017-03-28,0.8333333333333334,681.3040727311449,Sukhoi Superjet-100,97,4270000.00
136768,AAQ,EGO,2016-12-08,0.8333333333333334,681.3040727311449,Sukhoi Superjet-100,97,4271500.00
136816,AAQ,EGO,2017-06-25,0.8333333333333334,681.3040727311449,Sukhoi Superjet-100,83,4273800.00
136723,AAQ,EGO,2017-03-13,0.8333333333333334,681.3040727311449,Sukhoi Superjet-100,94,4274100.00
136619,AAQ,EGO,2016-08-27,0.8333333333333334,681.3040727311449,Sukhoi Superjet-100,81,4277700.00
136761,AAQ,EGO,2017-03-25,0.8333333333333334,681.3040727311449,Sukhoi Superjet-100,91,4283200.00
136868,AAQ,EGO,2016-10-14,0.8333333333333334,681.3040727311449,Sukhoi Superjet-100,90,4284300.00
136660,AAQ,EGO,2017-02-20,0.8333333333333334,681.3040727311449,Sukhoi Superjet-100,87,4287800.00
136826,AAQ,EGO,2017-07-29,0.8333333333333334,681.3040727311449,Sukhoi Superjet-100,88,4291300.00
136658,AAQ,EGO,2016-08-31,0.8333333333333334,681.3040727311449,Sukhoi Superjet-100,89,4295000.00
136788,AAQ,EGO,2017-07-14,0.8333333333333334,681.3040727311449,Sukhoi Superjet-100,94,4298300.00
136764,AAQ,EGO,2017-07-30,0.8333333333333334,681.3040727311449,Sukhoi Superjet-100,92,4304300.00
136640,AAQ,EGO,2016-09-15,0.8333333333333334,681.3040727311449,Sukhoi Superjet-100,94,4311100.00
136630,AAQ,EGO,2017-02-25,0.8333333333333334,681.3040727311449,Sukhoi Superjet-100,94,4311900.00
136784,AAQ,EGO,2016-10-06,0.8333333333333334,681.3040727311449,Sukhoi Superjet-100,90,4312800.00
136836,AAQ,EGO,2017-08-30,0.8333333333333334,681.3040727311449,Sukhoi Superjet-100,95,4313100.00
136872,AAQ,EGO,2016-12-14,0.8333333333333334,681.3040727311449,Sukhoi Superjet-100,97,4314600.00
136254,AAQ,SVO,2016-08-23,1.6666666666666665,1272.4573827703678,Boeing 737-300,80,4316800.00
136924,AAQ,EGO,2016-10-05,0.8333333333333334,681.3040727311449,Sukhoi Superjet-100,83,4324700.00
136688,AAQ,EGO,2016-12-15,0.8333333333333334,681.3040727311449,Sukhoi Superjet-100,89,4327500.00
136947,AAQ,EGO,2016-09-27,0.8333333333333334,681.3040727311449,Sukhoi Superjet-100,84,4330300.00
136746,AAQ,EGO,2017-06-09,0.8333333333333334,681.3040727311449,Sukhoi Superjet-100,96,4343800.00
136440,AAQ,SVO,2017-09-01,1.6666666666666665,1272.4573827703678,Boeing 737-300,78,4345300.00
136878,AAQ,EGO,2017-03-22,0.8333333333333334,681.3040727311449,Sukhoi Superjet-100,96,4346800.00
136813,AAQ,EGO,2017-04-17,0.8333333333333334,681.3040727311449,Sukhoi Superjet-100,94,4350100.00
136853,AAQ,EGO,2017-04-22,0.8333333333333334,681.3040727311449,Sukhoi Superjet-100,82,4359000.00
136891,AAQ,EGO,2017-07-15,0.8333333333333334,681.3040727311449,Sukhoi Superjet-100,96,4359300.00
136708,AAQ,EGO,2017-08-26,0.8333333333333334,681.3040727311449,Sukhoi Superjet-100,94,4364700.00
136668,AAQ,EGO,2016-10-18,0.8333333333333334,681.3040727311449,Sukhoi Superjet-100,92,4373600.00
136653,AAQ,EGO,2016-12-24,0.8333333333333334,681.3040727311449,Sukhoi Superjet-100,89,4375400.00
136663,AAQ,EGO,2017-04-24,0.8333333333333334,681.3040727311449,Sukhoi Superjet-100,97,4377100.00
136433,AAQ,SVO,2016-09-04,1.6666666666666665,1272.4573827703678,Boeing 737-300,92,4381900.00
136728,AAQ,EGO,2017-07-21,0.8333333333333334,681.3040727311449,Sukhoi Superjet-100,86,4385800.00
136956,AAQ,EGO,2017-02-04,0.8333333333333334,681.3040727311449,Sukhoi Superjet-100,96,4387500.00
136847,AAQ,EGO,2017-06-04,0.8333333333333334,681.3040727311449,Sukhoi Superjet-100,85,4396600.00
136736,AAQ,EGO,2016-10-31,0.8333333333333334,681.3040727311449,Sukhoi Superjet-100,94,4397100.00
136617,AAQ,EGO,2016-12-27,0.8333333333333334,681.3040727311449,Sukhoi Superjet-100,97,4404300.00
136814,AAQ,EGO,2017-08-07,0.8333333333333334,681.3040727311449,Sukhoi Superjet-100,97,4411200.00
136910,AAQ,EGO,2016-10-11,0.8333333333333334,681.3040727311449,Sukhoi Superjet-100,86,4412300.00
136651,AAQ,EGO,2017-08-24,0.8333333333333334,681.3040727311449,Sukhoi Superjet-100,94,4419100.00
136729,AAQ,EGO,2017-01-29,0.8333333333333334,681.3040727311449,Sukhoi Superjet-100,88,4419600.00
136957,AAQ,EGO,2017-05-04,0.8333333333333334,681.3040727311449,Sukhoi Superjet-100,82,4428700.00
136628,AAQ,EGO,2017-05-24,0.8333333333333334,681.3040727311449,Sukhoi Superjet-100,94,4429300.00
136837,AAQ,EGO,2016-10-04,0.8333333333333334,681.3040727311449,Sukhoi Superjet-100,97,4440100.00
136575,AAQ,EGO,2017-06-18,0.8333333333333334,681.3040727311449,Sukhoi Superjet-100,97,4444500.00
136870,AAQ,EGO,2016-11-16,0.8333333333333334,681.3040727311449,Sukhoi Superjet-100,81,4446400.00
136840,AAQ,EGO,2017-04-19,0.8333333333333334,681.3040727311449,Sukhoi Superjet-100,91,4448600.00
136578,AAQ,EGO,2017-08-01,0.8333333333333334,681.3040727311449,Sukhoi Superjet-100,86,4449300.00
136595,AAQ,EGO,2017-08-14,0.8333333333333334,681.3040727311449,Sukhoi Superjet-100,84,4451800.00
136724,AAQ,EGO,2016-09-11,0.8333333333333334,681.3040727311449,Sukhoi Superjet-100,95,4452900.00
136789,AAQ,EGO,2017-05-31,0.8333333333333334,681.3040727311449,Sukhoi Superjet-100,90,4454300.00
136921,AAQ,EGO,2017-07-07,0.8333333333333334,681.3040727311449,Sukhoi Superjet-100,89,4456000.00
136655,AAQ,EGO,2016-11-06,0.8333333333333334,681.3040727311449,Sukhoi Superjet-100,91,4466200.00
136802,AAQ,EGO,2017-02-26,0.8333333333333334,681.3040727311449,Sukhoi Superjet-100,96,4466900.00
136933,AAQ,EGO,2017-03-14,0.8333333333333334,681.3040727311449,Sukhoi Superjet-100,83,4468900.00
136709,AAQ,EGO,2017-01-15,0.8333333333333334,681.3040727311449,Sukhoi Superjet-100,87,4477700.00
136667,AAQ,EGO,2017-07-25,0.8333333333333334,681.3040727311449,Sukhoi Superjet-100,88,4485100.00
136641,AAQ,EGO,2016-11-18,0.8333333333333334,681.3040727311449,Sukhoi Superjet-100,94,4486100.00
136855,AAQ,EGO,2017-01-11,0.8333333333333334,681.3040727311449,Sukhoi Superjet-100,87,4491100.00
136954,AAQ,EGO,2016-09-09,0.8333333333333334,681.3040727311449,Sukhoi Superjet-100,93,4503700.00
136776,AAQ,EGO,2016-09-28,0.8333333333333334,681.3040727311449,Sukhoi Superjet-100,95,4507200.00
136632,AAQ,EGO,2017-01-07,0.8333333333333334,681.3040727311449,Sukhoi Superjet-100,91,4512300.00
136735,AAQ,EGO,2017-06-21,0.8333333333333334,681.3040727311449,Sukhoi Superjet-100,83,4514900.00
136671,AAQ,EGO,2017-07-16,0.8333333333333334,681.3040727311449,Sukhoi Superjet-100,89,4519300.00
136889,AAQ,EGO,2017-03-02,0.8333333333333334,681.3040727311449,Sukhoi Superjet-100,93,4521200.00
136951,AAQ,EGO,2017-02-02,0.8333333333333334,681.3040727311449,Sukhoi Superjet-100,90,4527100.00
136759,AAQ,EGO,2017-04-03,0.8333333333333334,681.3040727311449,Sukhoi Superjet-100,94,4528000.00
136657,AAQ,EGO,2017-08-22,0.8333333333333334,681.3040727311449,Sukhoi Superjet-100,96,4528400.00
136833,AAQ,EGO,2017-04-15,0.8333333333333334,681.3040727311449,Sukhoi Superjet-100,89,4528900.00
136629,AAQ,EGO,2017-08-18,0.8333333333333334,681.3040727311449,Sukhoi Superjet-100,94,4533000.00
136963,AAQ,EGO,2017-08-04,0.8333333333333334,681.3040727311449,Sukhoi Superjet-100,91,4538800.00
136782,AAQ,EGO,2017-06-12,0.8333333333333334,681.3040727311449,Sukhoi Superjet-100,87,4539500.00
136949,AAQ,EGO,2017-04-14,0.8333333333333334,681.3040727311449,Sukhoi Superjet-100,95,4544500.00
136676,AAQ,EGO,2017-05-03,0.8333333333333334,681.3040727311449,Sukhoi Superjet-100,97,4546300.00
136652,AAQ,EGO,2017-07-28,0.8333333333333334,681.3040727311449,Sukhoi Superjet-100,91,4547100.00
136796,AAQ,EGO,2017-07-24,0.8333333333333334,681.3040727311449,Sukhoi Superjet-100,95,4551300.00
136941,AAQ,EGO,2016-10-27,0.8333333333333334,681.3040727311449,Sukhoi Superjet-100,96,4556600.00
136938,AAQ,EGO,2017-05-14,0.8333333333333334,681.3040727311449,Sukhoi Superjet-100,87,4559400.00
136962,AAQ,EGO,2016-09-26,0.8333333333333334,681.3040727311449,Sukhoi Superjet-100,97,4560500.00
136760,AAQ,EGO,2017-06-14,0.8333333333333334,681.3040727311449,Sukhoi Superjet-100,97,4566900.00
136654,AAQ,EGO,2017-01-19,0.8333333333333334,681.3040727311449,Sukhoi Superjet-100,96,4569700.00
136932,AAQ,EGO,2017-05-02,0.8333333333333334,681.3040727311449,Sukhoi Superjet-100,96,4571400.00
136645,AAQ,EGO,2017-01-05,0.8333333333333334,681.3040727311449,Sukhoi Superjet-100,82,4576300.00
136771,AAQ,EGO,2016-12-17,0.8333333333333334,681.3040727311449,Sukhoi Superjet-100,82,4576300.00
136794,AAQ,EGO,2017-08-23,0.8333333333333334,681.3040727311449,Sukhoi Superjet-100,91,4577200.00
136825,AAQ,EGO,2016-11-27,0.8333333333333334,681.3040727311449,Sukhoi Superjet-100,97,4584800.00
136915,AAQ,EGO,2016-09-04,0.8333333333333334,681.3040727311449,Sukhoi Superjet-100,97,4586600.00
136693,AAQ,EGO,2017-06-19,0.8333333333333334,681.3040727311449,Sukhoi Superjet-100,85,4591400.00
136627,AAQ,EGO,2017-04-20,0.8333333333333334,681.3040727311449,Sukhoi Superjet-100,86,4593300.00
136880,AAQ,EGO,2016-09-02,0.8333333333333334,681.3040727311449,Sukhoi Superjet-100,87,4595500.00
136798,AAQ,EGO,2017-05-11,0.8333333333333334,681.3040727311449,Sukhoi Superjet-100,88,4598000.00
136773,AAQ,EGO,2016-10-10,0.8333333333333334,681.3040727311449,Sukhoi Superjet-100,87,4599100.00
136769,AAQ,EGO,2017-02-10,0.8333333333333334,681.3040727311449,Sukhoi Superjet-100,88,4599300.00
136666,AAQ,EGO,2017-02-09,0.8333333333333334,681.3040727311449,Sukhoi Superjet-100,87,4605100.00
136705,AAQ,EGO,2016-09-05,0.8333333333333334,681.3040727311449,Sukhoi Superjet-100,94,4609800.00
136804,AAQ,EGO,2016-10-22,0.8333333333333334,681.3040727311449,Sukhoi Superjet-100,88,4613200.00
136392,AAQ,SVO,2017-07-22,1.6666666666666665,1272.4573827703678,Boeing 737-300,91,4615200.00
136810,AAQ,EGO,2016-11-05,0.8333333333333334,681.3040727311449,Sukhoi Superjet-100,97,4615500.00
136604,AAQ,EGO,2017-04-21,0.8333333333333334,681.3040727311449,Sukhoi Superjet-100,97,4619900.00
136867,AAQ,EGO,2017-05-13,0.8333333333333334,681.3040727311449,Sukhoi Superjet-100,95,4620100.00
136797,AAQ,EGO,2016-10-26,0.8333333333333334,681.3040727311449,Sukhoi Superjet-100,97,4628200.00
136805,AAQ,EGO,2016-12-07,0.8333333333333334,681.3040727311449,Sukhoi Superjet-100,96,4629500.00
136646,AAQ,EGO,2017-07-27,0.8333333333333334,681.3040727311449,Sukhoi Superjet-100,86,4631000.00
136583,AAQ,EGO,2017-05-10,0.8333333333333334,681.3040727311449,Sukhoi Superjet-100,97,4632000.00
136883,AAQ,EGO,2016-10-01,0.8333333333333334,681.3040727311449,Sukhoi Superjet-100,88,4634000.00
136801,AAQ,EGO,2016-12-30,0.8333333333333334,681.3040727311449,Sukhoi Superjet-100,97,4636600.00
136758,AAQ,EGO,2017-01-12,0.8333333333333334,681.3040727311449,Sukhoi Superjet-100,97,4638600.00
136821,AAQ,EGO,2016-11-26,0.8333333333333334,681.3040727311449,Sukhoi Superjet-100,96,4644300.00
136725,AAQ,EGO,2016-12-19,0.8333333333333334,681.3040727311449,Sukhoi Superjet-100,92,4645600.00
136873,AAQ,EGO,2016-12-03,0.8333333333333334,681.3040727311449,Sukhoi Superjet-100,96,4657700.00
136913,AAQ,EGO,2016-12-10,0.8333333333333334,681.3040727311449,Sukhoi Superjet-100,90,4665300.00
136571,AAQ,EGO,2017-01-25,0.8333333333333334,681.3040727311449,Sukhoi Superjet-100,95,4678000.00
136955,AAQ,EGO,2017-07-13,0.8333333333333334,681.3040727311449,Sukhoi Superjet-100,92,4679900.00
136885,AAQ,EGO,2017-05-16,0.8333333333333334,681.3040727311449,Sukhoi Superjet-100,92,4682200.00
136718,AAQ,EGO,2016-09-06,0.8333333333333334,681.3040727311449,Sukhoi Superjet-100,93,4686700.00
136778,AAQ,EGO,2017-02-22,0.8333333333333334,681.3040727311449,Sukhoi Superjet-100,96,4687300.00
136611,AAQ,EGO,2017-09-04,0.8333333333333334,681.3040727311449,Sukhoi Superjet-100,88,4687400.00
136639,AAQ,EGO,2017-05-21,0.8333333333333334,681.3040727311449,Sukhoi Superjet-100,94,4691600.00
136765,AAQ,EGO,2016-10-28,0.8333333333333334,681.3040727311449,Sukhoi Superjet-100,91,4692400.00
136754,AAQ,EGO,2017-02-06,0.8333333333333334,681.3040727311449,Sukhoi Superjet-100,90,4693200.00
136901,AAQ,EGO,2017-04-29,0.8333333333333334,681.3040727311449,Sukhoi Superjet-100,96,4693800.00
136662,AAQ,EGO,2016-09-22,0.8333333333333334,681.3040727311449,Sukhoi Superjet-100,94,4694300.00
136701,AAQ,EGO,2017-04-25,0.8333333333333334,681.3040727311449,Sukhoi Superjet-100,95,4695300.00
136812,AAQ,EGO,2017-07-10,0.8333333333333334,681.3040727311449,Sukhoi Superjet-100,96,4699000.00
136864,AAQ,EGO,2017-03-11,0.8333333333333334,681.3040727311449,Sukhoi Superjet-100,93,4702200.00
136919,AAQ,EGO,2017-05-25,0.8333333333333334,681.3040727311449,Sukhoi Superjet-100,87,4706300.00
136695,AAQ,EGO,2017-07-17,0.8333333333333334,681.3040727311449,Sukhoi Superjet-100,96,4708500.00
136659,AAQ,EGO,2016-10-30,0.8333333333333334,681.3040727311449,Sukhoi Superjet-100,97,4710400.00
136780,AAQ,EGO,2017-02-24,0.8333333333333334,681.3040727311449,Sukhoi Superjet-100,89,4714200.00
136953,AAQ,EGO,2017-02-27,0.8333333333333334,681.3040727311449,Sukhoi Superjet-100,97,4719200.00
136783,AAQ,EGO,2017-04-02,0.8333333333333334,681.3040727311449,Sukhoi Superjet-100,97,4724400.00
136665,AAQ,EGO,2016-11-17,0.8333333333333334,681.3040727311449,Sukhoi Superjet-100,95,4724600.00
136751,AAQ,EGO,2017-04-11,0.8333333333333334,681.3040727311449,Sukhoi Superjet-100,93,4732500.00
136576,AAQ,EGO,2017-06-03,0.8333333333333334,681.3040727311449,Sukhoi Superjet-100,83,4734800.00
136648,AAQ,EGO,2017-06-30,0.8333333333333334,681.3040727311449,Sukhoi Superjet-100,95,4738500.00
136706,AAQ,EGO,2017-01-06,0.8333333333333334,681.3040727311449,Sukhoi Superjet-100,95,4739800.00
136747,AAQ,EGO,2017-06-02,0.8333333333333334,681.3040727311449,Sukhoi Superjet-100,97,4740500.00
136384,AAQ,SVO,2017-08-28,1.6666666666666665,1272.4573827703678,Boeing 737-300,83,4750200.00
136700,AAQ,EGO,2016-10-20,0.8333333333333334,681.3040727311449,Sukhoi Superjet-100,95,4751900.00
136874,AAQ,EGO,2017-07-01,0.8333333333333334,681.3040727311449,Sukhoi Superjet-100,92,4752200.00
136664,AAQ,EGO,2016-11-08,0.8333333333333334,681.3040727311449,Sukhoi Superjet-100,95,4757900.00
136489,AAQ,SVO,2016-09-23,1.6666666666666665,1272.4573827703678,Boeing 737-300,98,4760000.00
136827,AAQ,EGO,2017-02-18,0.8333333333333334,681.3040727311449,Sukhoi Superjet-100,97,4760200.00
136835,AAQ,EGO,2017-03-12,0.8333333333333334,681.3040727311449,Sukhoi Superjet-100,97,4762400.00
136750,AAQ,EGO,2017-04-07,0.8333333333333334,681.3040727311449,Sukhoi Superjet-100,91,4764600.00
136931,AAQ,EGO,2017-04-23,0.8333333333333334,681.3040727311449,Sukhoi Superjet-100,96,4764800.00
136606,AAQ,EGO,2017-08-05,0.8333333333333334,681.3040727311449,Sukhoi Superjet-100,94,4768700.00
136829,AAQ,EGO,2017-05-28,0.8333333333333334,681.3040727311449,Sukhoi Superjet-100,97,4771200.00
136772,AAQ,EGO,2016-10-07,0.8333333333333334,681.3040727311449,Sukhoi Superjet-100,94,4771700.00
136649,AAQ,EGO,2017-01-18,0.8333333333333334,681.3040727311449,Sukhoi Superjet-100,96,4776500.00
136442,AAQ,SVO,2016-10-13,1.6666666666666665,1272.4573827703678,Boeing 737-300,96,4778600.00
136959,AAQ,EGO,2017-04-04,0.8333333333333334,681.3040727311449,Sukhoi Superjet-100,92,4783200.00
136281,AAQ,SVO,2017-07-07,1.6666666666666665,1272.4573827703678,Boeing 737-300,88,4786400.00
136856,AAQ,EGO,2017-03-18,0.8333333333333334,681.3040727311449,Sukhoi Superjet-100,95,4786500.00
136906,AAQ,EGO,2017-06-11,0.8333333333333334,681.3040727311449,Sukhoi Superjet-100,97,4790700.00
136893,AAQ,EGO,2016-11-07,0.8333333333333334,681.3040727311449,Sukhoi Superjet-100,90,4794900.00
136677,AAQ,EGO,2017-03-19,0.8333333333333334,681.3040727311449,Sukhoi Superjet-100,92,4796700.00
136634,AAQ,EGO,2017-08-28,0.8333333333333334,681.3040727311449,Sukhoi Superjet-100,97,4798900.00
136755,AAQ,EGO,2017-01-21,0.8333333333333334,681.3040727311449,Sukhoi Superjet-100,97,4803700.00
136686,AAQ,EGO,2017-06-10,0.8333333333333334,681.3040727311449,Sukhoi Superjet-100,95,4810500.00
136961,AAQ,EGO,2016-12-21,0.8333333333333334,681.3040727311449,Sukhoi Superjet-100,96,4812500.00
136314,AAQ,SVO,2017-08-29,1.6666666666666665,1272.4573827703678,Boeing 737-300,96,4815200.00
136740,AAQ,EGO,2017-03-06,0.8333333333333334,681.3040727311449,Sukhoi Superjet-100,97,4818000.00
136437,AAQ,SVO,2016-08-25,1.6666666666666665,1272.4573827703678,Boeing 737-300,92,4823900.00
136866,AAQ,EGO,2016-12-28,0.8333333333333334,681.3040727311449,Sukhoi Superjet-100,94,4825500.00
136681,AAQ,EGO,2016-11-28,0.8333333333333334,681.3040727311449,Sukhoi Superjet-100,95,4828100.00
136603,AAQ,EGO,2017-08-19,0.8333333333333334,681.3040727311449,Sukhoi Superjet-100,97,4829800.00
136745,AAQ,EGO,2016-09-08,0.8333333333333334,681.3040727311449,Sukhoi Superjet-100,96,4841200.00
136675,AAQ,EGO,2016-09-07,0.8333333333333334,681.3040727311449,Sukhoi Superjet-100,97,4844600.00
136704,AAQ,EGO,2016-09-23,0.8333333333333334,681.3040727311449,Sukhoi Superjet-100,96,4846000.00
136574,AAQ,EGO,2017-07-31,0.8333333333333334,681.3040727311449,Sukhoi Superjet-100,97,4846800.00
136287,AAQ,SVO,2017-06-15,1.6666666666666665,1272.4573827703678,Boeing 737-300,98,4854600.00
136742,AAQ,EGO,2016-12-18,0.8333333333333334,681.3040727311449,Sukhoi Superjet-100,97,4860500.00
136734,AAQ,EGO,2017-05-12,0.8333333333333334,681.3040727311449,Sukhoi Superjet-100,95,4864400.00
136612,AAQ,EGO,2017-02-21,0.8333333333333334,681.3040727311449,Sukhoi Superjet-100,94,4866600.00
136795,AAQ,EGO,2017-08-10,0.8333333333333334,681.3040727311449,Sukhoi Superjet-100,97,4878100.00
136596,AAQ,EGO,2017-08-02,0.8333333333333334,681.3040727311449,Sukhoi Superjet-100,94,4878400.00
136875,AAQ,EGO,2017-02-16,0.8333333333333334,681.3040727311449,Sukhoi Superjet-100,97,4880400.00
136914,AAQ,EGO,2017-08-25,0.8333333333333334,681.3040727311449,Sukhoi Superjet-100,97,4891100.00
136573,AAQ,EGO,2016-11-29,0.8333333333333334,681.3040727311449,Sukhoi Superjet-100,95,4892100.00
136803,AAQ,EGO,2017-03-21,0.8333333333333334,681.3040727311449,Sukhoi Superjet-100,95,4895800.00
136841,AAQ,EGO,2017-02-07,0.8333333333333334,681.3040727311449,Sukhoi Superjet-100,97,4897500.00
136650,AAQ,EGO,2016-10-16,0.8333333333333334,681.3040727311449,Sukhoi Superjet-100,96,4897700.00
136793,AAQ,EGO,2016-12-06,0.8333333333333334,681.3040727311449,Sukhoi Superjet-100,97,4899000.00
136636,AAQ,EGO,2017-04-16,0.8333333333333334,681.3040727311449,Sukhoi Superjet-100,95,4903900.00
136917,AAQ,EGO,2017-03-23,0.8333333333333334,681.3040727311449,Sukhoi Superjet-100,97,4906800.00
136934,AAQ,EGO,2017-08-31,0.8333333333333334,681.3040727311449,Sukhoi Superjet-100,97,4909400.00
136882,AAQ,EGO,2017-03-09,0.8333333333333334,681.3040727311449,Sukhoi Superjet-100,90,4911100.00
136858,AAQ,EGO,2017-06-15,0.8333333333333334,681.3040727311449,Sukhoi Superjet-100,96,4912000.00
136623,AAQ,EGO,2017-07-20,0.8333333333333334,681.3040727311449,Sukhoi Superjet-100,97,4915400.00
136178,AAQ,SVO,2017-01-29,1.6666666666666665,1272.4573827703678,Boeing 737-300,99,4918600.00
136898,AAQ,EGO,2017-08-27,0.8333333333333334,681.3040727311449,Sukhoi Superjet-100,96,4920000.00
136743,AAQ,EGO,2017-03-30,0.8333333333333334,681.3040727311449,Sukhoi Superjet-100,96,4920800.00
136809,AAQ,EGO,2016-11-14,0.8333333333333334,681.3040727311449,Sukhoi Superjet-100,97,4921600.00
136733,AAQ,EGO,2017-01-09,0.8333333333333334,681.3040727311449,Sukhoi Superjet-100,94,4924800.00
136690,AAQ,EGO,2016-10-19,0.8333333333333334,681.3040727311449,Sukhoi Superjet-100,97,4931800.00
136285,AAQ,SVO,2017-05-03,1.6666666666666665,1272.4573827703678,Boeing 737-300,95,4932000.00
136464,AAQ,SVO,2017-01-09,1.6666666666666665,1272.4573827703678,Boeing 737-300,100,4936200.00
136635,AAQ,EGO,2017-07-12,0.8333333333333334,681.3040727311449,Sukhoi Superjet-100,96,4945900.00
136950,AAQ,EGO,2017-09-01,0.8333333333333334,681.3040727311449,Sukhoi Superjet-100,97,4946000.00
136846,AAQ,EGO,2017-05-29,0.8333333333333334,681.3040727311449,Sukhoi Superjet-100,97,4947500.00
136250,AAQ,SVO,2017-02-08,1.6666666666666665,1272.4573827703678,Boeing 737-300,99,4951300.00
136904,AAQ,EGO,2017-03-08,0.8333333333333334,681.3040727311449,Sukhoi Superjet-100,97,4954500.00
136774,AAQ,EGO,2016-12-02,0.8333333333333334,681.3040727311449,Sukhoi Superjet-100,93,4957000.00
136661,AAQ,EGO,2017-01-01,0.8333333333333334,681.3040727311449,Sukhoi Superjet-100,96,4959600.00
136600,AAQ,EGO,2017-02-08,0.8333333333333334,681.3040727311449,Sukhoi Superjet-100,97,4959900.00
136505,AAQ,SVO,2016-10-19,1.6666666666666665,1272.4573827703678,Boeing 737-300,99,4964600.00
136610,AAQ,EGO,2017-05-22,0.8333333333333334,681.3040727311449,Sukhoi Superjet-100,95,4965400.00
136669,AAQ,EGO,2017-01-17,0.8333333333333334,681.3040727311449,Sukhoi Superjet-100,95,4983100.00
136815,AAQ,EGO,2017-02-19,0.8333333333333334,681.3040727311449,Sukhoi Superjet-100,97,4983500.00
136698,AAQ,EGO,2016-12-01,0.8333333333333334,681.3040727311449,Sukhoi Superjet-100,94,4983900.00
136720,AAQ,EGO,2017-01-26,0.8333333333333334,681.3040727311449,Sukhoi Superjet-100,95,4987900.00
136787,AAQ,EGO,2016-11-21,0.8333333333333334,681.3040727311449,Sukhoi Superjet-100,88,4988700.00
136790,AAQ,EGO,2017-07-23,0.8333333333333334,681.3040727311449,Sukhoi Superjet-100,96,4989900.00
136631,AAQ,EGO,2016-12-22,0.8333333333333334,681.3040727311449,Sukhoi Superjet-100,90,4990100.00
136253,AAQ,SVO,2016-12-24,1.6666666666666665,1272.4573827703678,Boeing 737-300,93,4991600.00
136958,AAQ,EGO,2016-10-21,0.8333333333333334,681.3040727311449,Sukhoi Superjet-100,97,4991600.00
136589,AAQ,EGO,2017-04-10,0.8333333333333334,681.3040727311449,Sukhoi Superjet-100,95,4992900.00
136897,AAQ,EGO,2017-07-02,0.8333333333333334,681.3040727311449,Sukhoi Superjet-100,95,4993300.00
136580,AAQ,EGO,2016-09-18,0.8333333333333334,681.3040727311449,Sukhoi Superjet-100,96,4994400.00
136588,AAQ,EGO,2017-05-15,0.8333333333333334,681.3040727311449,Sukhoi Superjet-100,95,4995600.00
136622,AAQ,EGO,2016-09-29,0.8333333333333334,681.3040727311449,Sukhoi Superjet-100,97,4997000.00
136613,AAQ,EGO,2017-06-27,0.8333333333333334,681.3040727311449,Sukhoi Superjet-100,96,4997800.00
136869,AAQ,EGO,2017-01-31,0.8333333333333334,681.3040727311449,Sukhoi Superjet-100,97,5008400.00
136884,AAQ,EGO,2017-03-29,0.8333333333333334,681.3040727311449,Sukhoi Superjet-100,96,5014900.00
136757,AAQ,EGO,2017-01-27,0.8333333333333334,681.3040727311449,Sukhoi Superjet-100,97,5027900.00
136591,AAQ,EGO,2016-11-04,0.8333333333333334,681.3040727311449,Sukhoi Superjet-100,97,5031200.00
136811,AAQ,EGO,2017-08-08,0.8333333333333334,681.3040727311449,Sukhoi Superjet-100,96,5033200.00
136944,AAQ,EGO,2017-08-16,0.8333333333333334,681.3040727311449,Sukhoi Superjet-100,97,5037500.00
136418,AAQ,SVO,2016-12-07,1.6666666666666665,1272.4573827703678,Boeing 737-300,97,5037800.00
136459,AAQ,SVO,2016-11-18,1.6666666666666665,1272.4573827703678,Boeing 737-300,104,5038000.00
136732,AAQ,EGO,2017-06-07,0.8333333333333334,681.3040727311449,Sukhoi Superjet-100,97,5039200.00
136871,AAQ,EGO,2017-01-13,0.8333333333333334,681.3040727311449,Sukhoi Superjet-100,97,5040600.00
136785,AAQ,EGO,2016-12-29,0.8333333333333334,681.3040727311449,Sukhoi Superjet-100,97,5043300.00
136945,AAQ,EGO,2016-11-25,0.8333333333333334,681.3040727311449,Sukhoi Superjet-100,94,5046800.00
136143,AAQ,SVO,2016-12-14,1.6666666666666665,1272.4573827703678,Boeing 737-300,105,5052000.00
136605,AAQ,EGO,2017-02-15,0.8333333333333334,681.3040727311449,Sukhoi Superjet-100,97,5066800.00
136819,AAQ,EGO,2017-01-04,0.8333333333333334,681.3040727311449,Sukhoi Superjet-100,96,5073200.00
136781,AAQ,EGO,2017-01-14,0.8333333333333334,681.3040727311449,Sukhoi Superjet-100,97,5077900.00
136907,AAQ,EGO,2017-01-16,0.8333333333333334,681.3040727311449,Sukhoi Superjet-100,96,5080700.00
136115,AAQ,SVO,2017-08-24,1.6666666666666665,1272.4573827703678,Boeing 737-300,96,5082800.00
136942,AAQ,EGO,2016-11-22,0.8333333333333334,681.3040727311449,Sukhoi Superjet-100,95,5084200.00
136682,AAQ,EGO,2017-04-12,0.8333333333333334,681.3040727311449,Sukhoi Superjet-100,95,5095900.00
136862,AAQ,EGO,2017-08-29,0.8333333333333334,681.3040727311449,Sukhoi Superjet-100,96,5096900.00
136216,AAQ,SVO,2017-07-04,1.6666666666666665,1272.4573827703678,Boeing 737-300,99,5099000.00
136279,AAQ,SVO,2016-10-09,1.6666666666666665,1272.4573827703678,Boeing 737-300,91,5107600.00
136851,AAQ,EGO,2017-03-04,0.8333333333333334,681.3040727311449,Sukhoi Superjet-100,88,5107600.00
136684,AAQ,EGO,2016-11-30,0.8333333333333334,681.3040727311449,Sukhoi Superjet-100,97,5110000.00
136930,AAQ,EGO,2017-04-09,0.8333333333333334,681.3040727311449,Sukhoi Superjet-100,91,5111000.00
136791,AAQ,EGO,2017-05-19,0.8333333333333334,681.3040727311449,Sukhoi Superjet-100,97,5117400.00
136900,AAQ,EGO,2017-02-01,0.8333333333333334,681.3040727311449,Sukhoi Superjet-100,97,5120600.00
136890,AAQ,EGO,2016-09-25,0.8333333333333334,681.3040727311449,Sukhoi Superjet-100,94,5133900.00
136643,AAQ,EGO,2016-10-12,0.8333333333333334,681.3040727311449,Sukhoi Superjet-100,97,5140200.00
136739,AAQ,EGO,2016-08-29,0.8333333333333334,681.3040727311449,Sukhoi Superjet-100,95,5147300.00
136948,AAQ,EGO,2016-11-13,0.8333333333333334,681.3040727311449,Sukhoi Superjet-100,97,5150500.00
136372,AAQ,SVO,2017-03-06,1.6666666666666665,1272.4573827703678,Boeing 737-300,102,5155000.00
136854,AAQ,EGO,2017-04-28,0.8333333333333334,681.3040727311449,Sukhoi Superjet-100,96,5160000.00
136845,AAQ,EGO,2017-05-20,0.8333333333333334,681.3040727311449,Sukhoi Superjet-100,97,5164500.00
136716,AAQ,EGO,2016-09-16,0.8333333333333334,681.3040727311449,Sukhoi Superjet-100,95,5165300.00
136590,AAQ,EGO,2017-05-23,0.8333333333333334,681.3040727311449,Sukhoi Superjet-100,97,5175400.00
136935,AAQ,EGO,2016-10-08,0.8333333333333334,681.3040727311449,Sukhoi Superjet-100,97,5179800.00
136579,AAQ,EGO,2017-04-30,0.8333333333333334,681.3040727311449,Sukhoi Superjet-100,97,5182200.00
136352,AAQ,SVO,2016-12-10,1.6666666666666665,1272.4573827703678,Boeing 737-300,92,5211400.00
136943,AAQ,EGO,2016-12-05,0.8333333333333334,681.3040727311449,Sukhoi Superjet-100,94,5231100.00
136306,AAQ,SVO,2016-12-04,1.6666666666666665,1272.4573827703678,Boeing 737-300,102,5234200.00
136766,AAQ,EGO,2017-05-30,0.8333333333333334,681.3040727311449,Sukhoi Superjet-100,96,5249000.00
136633,AAQ,EGO,2017-05-27,0.8333333333333334,681.3040727311449,Sukhoi Superjet-100,94,5252800.00
136842,AAQ,EGO,2017-06-17,0.8333333333333334,681.3040727311449,Sukhoi Superjet-100,90,5255600.00
136779,AAQ,EGO,2017-06-23,0.8333333333333334,681.3040727311449,Sukhoi Superjet-100,97,5256100.00
136607,AAQ,EGO,2017-06-08,0.8333333333333334,681.3040727311449,Sukhoi Superjet-100,95,5266600.00
136860,AAQ,EGO,2017-03-03,0.8333333333333334,681.3040727311449,Sukhoi Superjet-100,97,5267900.00
136927,AAQ,EGO,2017-01-22,0.8333333333333334,681.3040727311449,Sukhoi Superjet-100,97,5289500.00
136715,AAQ,EGO,2016-08-30,0.8333333333333334,681.3040727311449,Sukhoi Superjet-100,97,5307300.00
136140,AAQ,SVO,2017-03-01,1.6666666666666665,1272.4573827703678,Boeing 737-300,102,5307600.00
136717,AAQ,EGO,2017-08-12,0.8333333333333334,681.3040727311449,Sukhoi Superjet-100,96,5313800.00
136848,AAQ,EGO,2017-04-08,0.8333333333333334,681.3040727311449,Sukhoi Superjet-100,97,5315800.00
136726,AAQ,EGO,2017-04-05,0.8333333333333334,681.3040727311449,Sukhoi Superjet-100,92,5319300.00
136313,AAQ,SVO,2017-05-11,1.6666666666666665,1272.4573827703678,Boeing 737-300,109,5319500.00
136624,AAQ,EGO,2017-03-07,0.8333333333333334,681.3040727311449,Sukhoi Superjet-100,94,5325400.00
136925,AAQ,EGO,2016-11-01,0.8333333333333334,681.3040727311449,Sukhoi Superjet-100,93,5337200.00
136859,AAQ,EGO,2017-05-06,0.8333333333333334,681.3040727311449,Sukhoi Superjet-100,95,5351900.00
136696,AAQ,EGO,2017-03-05,0.8333333333333334,681.3040727311449,Sukhoi Superjet-100,95,5354800.00
136315,AAQ,SVO,2017-06-01,1.6666666666666665,1272.4573827703678,Boeing 737-300,87,5356900.00
136191,AAQ,SVO,2016-10-16,1.6666666666666665,1272.4573827703678,Boeing 737-300,94,5366000.00
136824,AAQ,EGO,2017-06-28,0.8333333333333334,681.3040727311449,Sukhoi Superjet-100,96,5379900.00
136762,AAQ,EGO,2016-11-10,0.8333333333333334,681.3040727311449,Sukhoi Superjet-100,97,5383900.00
136857,AAQ,EGO,2017-02-13,0.8333333333333334,681.3040727311449,Sukhoi Superjet-100,97,5385600.00
136202,AAQ,SVO,2017-01-05,1.6666666666666665,1272.4573827703678,Boeing 737-300,100,5395800.00
136741,AAQ,EGO,2016-10-03,0.8333333333333334,681.3040727311449,Sukhoi Superjet-100,95,5404800.00
136322,AAQ,SVO,2017-02-06,1.6666666666666665,1272.4573827703678,Boeing 737-300,108,5405300.00
136122,AAQ,SVO,2017-01-08,1.6666666666666665,1272.4573827703678,Boeing 737-300,97,5411400.00
136245,AAQ,SVO,2017-04-09,1.6666666666666665,1272.4573827703678,Boeing 737-300,103,5427400.00
136225,AAQ,SVO,2017-07-19,1.6666666666666665,1272.4573827703678,Boeing 737-300,109,5427500.00
136120,AAQ,SVO,2017-02-24,1.6666666666666665,1272.4573827703678,Boeing 737-300,109,5434800.00
136185,AAQ,SVO,2017-01-14,1.6666666666666665,1272.4573827703678,Boeing 737-300,104,5435700.00
136920,AAQ,EGO,2017-06-22,0.8333333333333334,681.3040727311449,Sukhoi Superjet-100,96,5436700.00
136374,AAQ,SVO,2017-04-16,1.6666666666666665,1272.4573827703678,Boeing 737-300,101,5437200.00
136491,AAQ,SVO,2016-12-08,1.6666666666666665,1272.4573827703678,Boeing 737-300,103,5451300.00
136360,AAQ,SVO,2017-02-05,1.6666666666666665,1272.4573827703678,Boeing 737-300,97,5468500.00
136201,AAQ,SVO,2017-08-03,1.6666666666666665,1272.4573827703678,Boeing 737-300,101,5476300.00
136710,AAQ,EGO,2016-10-17,0.8333333333333334,681.3040727311449,Sukhoi Superjet-100,96,5490400.00
136498,AAQ,SVO,2017-04-24,1.6666666666666665,1272.4573827703678,Boeing 737-300,105,5506200.00
136342,AAQ,SVO,2017-07-15,1.6666666666666665,1272.4573827703678,Boeing 737-300,103,5515100.00
136752,AAQ,EGO,2016-11-02,0.8333333333333334,681.3040727311449,Sukhoi Superjet-100,96,5518000.00
136586,AAQ,EGO,2017-01-10,0.8333333333333334,681.3040727311449,Sukhoi Superjet-100,96,5530500.00
136299,AAQ,SVO,2017-08-08,1.6666666666666665,1272.4573827703678,Boeing 737-300,112,5536500.00
136212,AAQ,SVO,2017-04-05,1.6666666666666665,1272.4573827703678,Boeing 737-300,99,5541800.00
136332,AAQ,SVO,2017-05-06,1.6666666666666665,1272.4573827703678,Boeing 737-300,105,5547800.00
136124,AAQ,SVO,2016-09-13,1.6666666666666665,1272.4573827703678,Boeing 737-300,106,5548700.00
136318,AAQ,SVO,2016-12-17,1.6666666666666665,1272.4573827703678,Boeing 737-300,104,5564800.00
136485,AAQ,SVO,2017-01-27,1.6666666666666665,1272.4573827703678,Boeing 737-300,106,5565200.00
136411,AAQ,SVO,2017-02-04,1.6666666666666665,1272.4573827703678,Boeing 737-300,110,5567300.00
136258,AAQ,SVO,2016-11-26,1.6666666666666665,1272.4573827703678,Boeing 737-300,101,5568000.00
136509,AAQ,SVO,2017-03-16,1.6666666666666665,1272.4573827703678,Boeing 737-300,106,5573200.00
136229,AAQ,SVO,2017-05-18,1.6666666666666665,1272.4573827703678,Boeing 737-300,99,5593000.00
136213,AAQ,SVO,2017-08-31,1.6666666666666665,1272.4573827703678,Boeing 737-300,97,5600000.00
136383,AAQ,SVO,2017-01-25,1.6666666666666665,1272.4573827703678,Boeing 737-300,106,5611500.00
136672,AAQ,EGO,2017-02-03,0.8333333333333334,681.3040727311449,Sukhoi Superjet-100,96,5612800.00
136295,AAQ,SVO,2016-09-17,1.6666666666666665,1272.4573827703678,Boeing 737-300,110,5636000.00
136235,AAQ,SVO,2016-10-08,1.6666666666666665,1272.4573827703678,Boeing 737-300,102,5640100.00
136251,AAQ,SVO,2016-10-06,1.6666666666666665,1272.4573827703678,Boeing 737-300,102,5648800.00
136806,AAQ,EGO,2017-07-26,0.8333333333333334,681.3040727311449,Sukhoi Superjet-100,97,5650800.00
136176,AAQ,SVO,2017-08-04,1.6666666666666665,1272.4573827703678,Boeing 737-300,98,5660300.00
136476,AAQ,SVO,2017-07-28,1.6666666666666665,1272.4573827703678,Boeing 737-300,107,5664900.00
136425,AAQ,SVO,2016-10-30,1.6666666666666665,1272.4573827703678,Boeing 737-300,112,5666900.00
136126,AAQ,SVO,2017-08-19,1.6666666666666665,1272.4573827703678,Boeing 737-300,98,5671600.00
136174,AAQ,SVO,2016-09-15,1.6666666666666665,1272.4573827703678,Boeing 737-300,107,5675900.00
136378,AAQ,SVO,2017-03-28,1.6666666666666665,1272.4573827703678,Boeing 737-300,108,5677200.00
136280,AAQ,SVO,2017-07-14,1.6666666666666665,1272.4573827703678,Boeing 737-300,104,5693300.00
136481,AAQ,SVO,2016-10-07,1.6666666666666665,1272.4573827703678,Boeing 737-300,108,5697600.00
136203,AAQ,SVO,2017-05-24,1.6666666666666665,1272.4573827703678,Boeing 737-300,112,5700900.00
136155,AAQ,SVO,2017-06-11,1.6666666666666665,1272.4573827703678,Boeing 737-300,107,5701200.00
136335,AAQ,SVO,2017-05-05,1.6666666666666665,1272.4573827703678,Boeing 737-300,108,5710200.00
136398,AAQ,SVO,2016-11-28,1.6666666666666665,1272.4573827703678,Boeing 737-300,102,5722700.00
136506,AAQ,SVO,2017-05-04,1.6666666666666665,1272.4573827703678,Boeing 737-300,108,5731400.00
136195,AAQ,SVO,2016-11-24,1.6666666666666665,1272.4573827703678,Boeing 737-300,101,5749400.00
136303,AAQ,SVO,2016-11-02,1.6666666666666665,1272.4573827703678,Boeing 737-300,117,5750700.00
136196,AAQ,SVO,2017-04-02,1.6666666666666665,1272.4573827703678,Boeing 737-300,113,5752000.00
136349,AAQ,SVO,2016-11-03,1.6666666666666665,1272.4573827703678,Boeing 737-300,113,5752200.00
136895,AAQ,EGO,2017-07-22,0.8333333333333334,681.3040727311449,Sukhoi Superjet-100,96,5754900.00
136486,AAQ,SVO,2017-02-02,1.6666666666666665,1272.4573827703678,Boeing 737-300,107,5761300.00
136356,AAQ,SVO,2017-06-06,1.6666666666666665,1272.4573827703678,Boeing 737-300,105,5783900.00
136130,AAQ,SVO,2017-02-13,1.6666666666666665,1272.4573827703678,Boeing 737-300,107,5795200.00
136288,AAQ,SVO,2017-06-05,1.6666666666666665,1272.4573827703678,Boeing 737-300,112,5796400.00
136449,AAQ,SVO,2016-11-05,1.6666666666666665,1272.4573827703678,Boeing 737-300,114,5796800.00
136327,AAQ,SVO,2016-12-30,1.6666666666666665,1272.4573827703678,Boeing 737-300,108,5799000.00
136396,AAQ,SVO,2016-11-04,1.6666666666666665,1272.4573827703678,Boeing 737-300,109,5807200.00
136502,AAQ,SVO,2017-06-08,1.6666666666666665,1272.4573827703678,Boeing 737-300,108,5808900.00
136376,AAQ,SVO,2017-04-07,1.6666666666666665,1272.4573827703678,Boeing 737-300,108,5809300.00
136484,AAQ,SVO,2016-10-31,1.6666666666666665,1272.4573827703678,Boeing 737-300,116,5812900.00
136510,AAQ,SVO,2017-06-29,1.6666666666666665,1272.4573827703678,Boeing 737-300,99,5820400.00
136461,AAQ,SVO,2017-04-21,1.6666666666666665,1272.4573827703678,Boeing 737-300,110,5824500.00
136345,AAQ,SVO,2017-01-24,1.6666666666666665,1272.4573827703678,Boeing 737-300,108,5825900.00
136445,AAQ,SVO,2017-03-24,1.6666666666666665,1272.4573827703678,Boeing 737-300,95,5830200.00
136167,AAQ,SVO,2017-04-18,1.6666666666666665,1272.4573827703678,Boeing 737-300,105,5830200.00
136351,AAQ,SVO,2017-02-26,1.6666666666666665,1272.4573827703678,Boeing 737-300,105,5847400.00
136136,AAQ,SVO,2017-05-30,1.6666666666666665,1272.4573827703678,Boeing 737-300,110,5849100.00
136180,AAQ,SVO,2016-09-24,1.6666666666666665,1272.4573827703678,Boeing 737-300,113,5853100.00
136323,AAQ,SVO,2017-06-28,1.6666666666666665,1272.4573827703678,Boeing 737-300,111,5854700.00
136429,AAQ,SVO,2017-05-10,1.6666666666666665,1272.4573827703678,Boeing 737-300,115,5864500.00
136129,AAQ,SVO,2017-03-14,1.6666666666666665,1272.4573827703678,Boeing 737-300,106,5869300.00
136165,AAQ,SVO,2017-02-22,1.6666666666666665,1272.4573827703678,Boeing 737-300,110,5869600.00
136246,AAQ,SVO,2016-09-12,1.6666666666666665,1272.4573827703678,Boeing 737-300,107,5879600.00
136467,AAQ,SVO,2017-08-30,1.6666666666666665,1272.4573827703678,Boeing 737-300,93,5885800.00
136302,AAQ,SVO,2017-07-26,1.6666666666666665,1272.4573827703678,Boeing 737-300,108,5896000.00
136394,AAQ,SVO,2016-11-20,1.6666666666666665,1272.4573827703678,Boeing 737-300,106,5913800.00
136380,AAQ,SVO,2016-10-28,1.6666666666666665,1272.4573827703678,Boeing 737-300,106,5916700.00
136241,AAQ,SVO,2017-03-10,1.6666666666666665,1272.4573827703678,Boeing 737-300,114,5925600.00
136455,AAQ,SVO,2017-03-21,1.6666666666666665,1272.4573827703678,Boeing 737-300,110,5929700.00
136358,AAQ,SVO,2017-04-28,1.6666666666666665,1272.4573827703678,Boeing 737-300,107,5937400.00
136142,AAQ,SVO,2017-06-25,1.6666666666666665,1272.4573827703678,Boeing 737-300,109,5944100.00
136503,AAQ,SVO,2017-03-04,1.6666666666666665,1272.4573827703678,Boeing 737-300,111,5952200.00
136320,AAQ,SVO,2017-02-19,1.6666666666666665,1272.4573827703678,Boeing 737-300,106,5959000.00
136458,AAQ,SVO,2017-01-02,1.6666666666666665,1272.4573827703678,Boeing 737-300,110,5966700.00
136413,AAQ,SVO,2017-06-13,1.6666666666666665,1272.4573827703678,Boeing 737-300,108,5969400.00
136402,AAQ,SVO,2016-09-22,1.6666666666666665,1272.4573827703678,Boeing 737-300,104,5978800.00
136388,AAQ,SVO,2017-08-20,1.6666666666666665,1272.4573827703678,Boeing 737-300,107,5983900.00
136276,AAQ,SVO,2016-11-16,1.6666666666666665,1272.4573827703678,Boeing 737-300,112,5999700.00
136204,AAQ,SVO,2017-02-23,1.6666666666666665,1272.4573827703678,Boeing 737-300,107,6007800.00
136375,AAQ,SVO,2017-07-31,1.6666666666666665,1272.4573827703678,Boeing 737-300,107,6017000.00
136205,AAQ,SVO,2017-04-22,1.6666666666666665,1272.4573827703678,Boeing 737-300,109,6021200.00
136231,AAQ,SVO,2016-10-03,1.6666666666666665,1272.4573827703678,Boeing 737-300,102,6031400.00
136211,AAQ,SVO,2017-07-01,1.6666666666666665,1272.4573827703678,Boeing 737-300,108,6032300.00
136412,AAQ,SVO,2016-11-13,1.6666666666666665,1272.4573827703678,Boeing 737-300,106,6037600.00
136309,AAQ,SVO,2016-11-15,1.6666666666666665,1272.4573827703678,Boeing 737-300,104,6048800.00
136297,AAQ,SVO,2017-06-04,1.6666666666666665,1272.4573827703678,Boeing 737-300,119,6051800.00
136497,AAQ,SVO,2017-03-20,1.6666666666666665,1272.4573827703678,Boeing 737-300,118,6057000.00
136430,AAQ,SVO,2017-06-07,1.6666666666666665,1272.4573827703678,Boeing 737-300,115,6057600.00
136336,AAQ,SVO,2016-08-24,1.6666666666666665,1272.4573827703678,Boeing 737-300,96,6064100.00
136134,AAQ,SVO,2017-05-23,1.6666666666666665,1272.4573827703678,Boeing 737-300,115,6086300.00
136397,AAQ,SVO,2016-12-25,1.6666666666666665,1272.4573827703678,Boeing 737-300,104,6089300.00
136199,AAQ,SVO,2016-11-08,1.6666666666666665,1272.4573827703678,Boeing 737-300,106,6100100.00
136450,AAQ,SVO,2016-12-06,1.6666666666666665,1272.4573827703678,Boeing 737-300,107,6133200.00
136472,AAQ,SVO,2017-06-12,1.6666666666666665,1272.4573827703678,Boeing 737-300,112,6155400.00
136137,AAQ,SVO,2017-04-13,1.6666666666666665,1272.4573827703678,Boeing 737-300,109,6171700.00
136269,AAQ,SVO,2017-02-11,1.6666666666666665,1272.4573827703678,Boeing 737-300,109,6174000.00
136183,AAQ,SVO,2017-05-25,1.6666666666666665,1272.4573827703678,Boeing 737-300,109,6174000.00
136379,AAQ,SVO,2017-04-20,1.6666666666666665,1272.4573827703678,Boeing 737-300,106,6185000.00
136240,AAQ,SVO,2017-04-15,1.6666666666666665,1272.4573827703678,Boeing 737-300,115,6189200.00
136291,AAQ,SVO,2017-04-12,1.6666666666666665,1272.4573827703678,Boeing 737-300,117,6191000.00
136370,AAQ,SVO,2016-10-25,1.6666666666666665,1272.4573827703678,Boeing 737-300,110,6193200.00
136495,AAQ,SVO,2017-08-26,1.6666666666666665,1272.4573827703678,Boeing 737-300,124,6193900.00
136282,AAQ,SVO,2017-01-16,1.6666666666666665,1272.4573827703678,Boeing 737-300,106,6206400.00
136157,AAQ,SVO,2016-08-26,1.6666666666666665,1272.4573827703678,Boeing 737-300,107,6220200.00
136386,AAQ,SVO,2016-09-10,1.6666666666666665,1272.4573827703678,Boeing 737-300,115,6226000.00
136324,AAQ,SVO,2016-12-05,1.6666666666666665,1272.4573827703678,Boeing 737-300,118,6227500.00
136326,AAQ,SVO,2016-09-28,1.6666666666666665,1272.4573827703678,Boeing 737-300,107,6234800.00
136194,AAQ,SVO,2017-07-08,1.6666666666666665,1272.4573827703678,Boeing 737-300,120,6235400.00
136284,AAQ,SVO,2017-02-07,1.6666666666666665,1272.4573827703678,Boeing 737-300,117,6240100.00
136141,AAQ,SVO,2016-12-12,1.6666666666666665,1272.4573827703678,Boeing 737-300,109,6240400.00
136434,AAQ,SVO,2016-11-21,1.6666666666666665,1272.4573827703678,Boeing 737-300,106,6242600.00
136421,AAQ,SVO,2017-06-03,1.6666666666666665,1272.4573827703678,Boeing 737-300,110,6247500.00
136475,AAQ,SVO,2017-03-27,1.6666666666666665,1272.4573827703678,Boeing 737-300,107,6248700.00
136329,AAQ,SVO,2017-07-02,1.6666666666666665,1272.4573827703678,Boeing 737-300,103,6248900.00
136366,AAQ,SVO,2017-01-11,1.6666666666666665,1272.4573827703678,Boeing 737-300,103,6265600.00
136488,AAQ,SVO,2017-03-19,1.6666666666666665,1272.4573827703678,Boeing 737-300,111,6278000.00
136308,AAQ,SVO,2016-09-03,1.6666666666666665,1272.4573827703678,Boeing 737-300,113,6278400.00
136300,AAQ,SVO,2017-04-27,1.6666666666666665,1272.4573827703678,Boeing 737-300,115,6285200.00
136268,AAQ,SVO,2017-02-16,1.6666666666666665,1272.4573827703678,Boeing 737-300,115,6287300.00
136453,AAQ,SVO,2017-06-27,1.6666666666666665,1272.4573827703678,Boeing 737-300,116,6290000.00
136470,AAQ,SVO,2016-10-27,1.6666666666666665,1272.4573827703678,Boeing 737-300,110,6290000.00
136499,AAQ,SVO,2016-11-06,1.6666666666666665,1272.4573827703678,Boeing 737-300,114,6291300.00
136182,AAQ,SVO,2017-06-26,1.6666666666666665,1272.4573827703678,Boeing 737-300,114,6299200.00
136290,AAQ,SVO,2017-08-22,1.6666666666666665,1272.4573827703678,Boeing 737-300,107,6302000.00
136294,AAQ,SVO,2016-09-02,1.6666666666666665,1272.4573827703678,Boeing 737-300,102,6312800.00
136435,AAQ,SVO,2017-04-08,1.6666666666666665,1272.4573827703678,Boeing 737-300,115,6319900.00
136357,AAQ,SVO,2016-09-08,1.6666666666666665,1272.4573827703678,Boeing 737-300,114,6338300.00
136261,AAQ,SVO,2017-08-13,1.6666666666666665,1272.4573827703678,Boeing 737-300,108,6342400.00
136243,AAQ,SVO,2017-03-11,1.6666666666666665,1272.4573827703678,Boeing 737-300,121,6347000.00
136260,AAQ,SVO,2017-04-30,1.6666666666666665,1272.4573827703678,Boeing 737-300,113,6347500.00
136188,AAQ,SVO,2017-07-25,1.6666666666666665,1272.4573827703678,Boeing 737-300,120,6348400.00
136406,AAQ,SVO,2017-03-17,1.6666666666666665,1272.4573827703678,Boeing 737-300,107,6355200.00
136244,AAQ,SVO,2016-12-22,1.6666666666666665,1272.4573827703678,Boeing 737-300,117,6361300.00
136207,AAQ,SVO,2016-12-27,1.6666666666666665,1272.4573827703678,Boeing 737-300,110,6371400.00
136312,AAQ,SVO,2017-06-23,1.6666666666666665,1272.4573827703678,Boeing 737-300,97,6374400.00
136346,AAQ,SVO,2017-06-14,1.6666666666666665,1272.4573827703678,Boeing 737-300,112,6399600.00
136410,AAQ,SVO,2016-09-27,1.6666666666666665,1272.4573827703678,Boeing 737-300,117,6401200.00
136431,AAQ,SVO,2017-08-06,1.6666666666666665,1272.4573827703678,Boeing 737-300,117,6409400.00
136443,AAQ,SVO,2017-05-27,1.6666666666666665,1272.4573827703678,Boeing 737-300,113,6409500.00
136147,AAQ,SVO,2017-03-05,1.6666666666666665,1272.4573827703678,Boeing 737-300,112,6419400.00
136259,AAQ,SVO,2017-08-11,1.6666666666666665,1272.4573827703678,Boeing 737-300,117,6439200.00
136393,AAQ,SVO,2016-10-05,1.6666666666666665,1272.4573827703678,Boeing 737-300,118,6457300.00
136206,AAQ,SVO,2016-11-09,1.6666666666666665,1272.4573827703678,Boeing 737-300,117,6465400.00
136255,AAQ,SVO,2017-06-20,1.6666666666666665,1272.4573827703678,Boeing 737-300,116,6474600.00
136132,AAQ,SVO,2017-02-15,1.6666666666666665,1272.4573827703678,Boeing 737-300,116,6483600.00
136220,AAQ,SVO,2017-07-11,1.6666666666666665,1272.4573827703678,Boeing 737-300,111,6486800.00
136483,AAQ,SVO,2016-08-28,1.6666666666666665,1272.4573827703678,Boeing 737-300,121,6487400.00
136135,AAQ,SVO,2017-02-01,1.6666666666666665,1272.4573827703678,Boeing 737-300,115,6488000.00
136363,AAQ,SVO,2017-05-28,1.6666666666666665,1272.4573827703678,Boeing 737-300,113,6491100.00
136249,AAQ,SVO,2017-02-14,1.6666666666666665,1272.4573827703678,Boeing 737-300,123,6499100.00
136146,AAQ,SVO,2017-02-09,1.6666666666666665,1272.4573827703678,Boeing 737-300,109,6500100.00
136171,AAQ,SVO,2016-09-20,1.6666666666666665,1272.4573827703678,Boeing 737-300,113,6514400.00
136490,AAQ,SVO,2016-10-26,1.6666666666666665,1272.4573827703678,Boeing 737-300,110,6515400.00
136215,AAQ,SVO,2017-02-28,1.6666666666666665,1272.4573827703678,Boeing 737-300,114,6516200.00
136419,AAQ,SVO,2017-04-10,1.6666666666666665,1272.4573827703678,Boeing 737-300,108,6516400.00
136230,AAQ,SVO,2017-08-21,1.6666666666666665,1272.4573827703678,Boeing 737-300,103,6522700.00
136310,AAQ,SVO,2017-01-22,1.6666666666666665,1272.4573827703678,Boeing 737-300,117,6529800.00
136420,AAQ,SVO,2017-01-01,1.6666666666666665,1272.4573827703678,Boeing 737-300,104,6531100.00
136469,AAQ,SVO,2016-09-07,1.6666666666666665,1272.4573827703678,Boeing 737-300,111,6537200.00
136228,AAQ,SVO,2016-09-18,1.6666666666666665,1272.4573827703678,Boeing 737-300,117,6539100.00
136270,AAQ,SVO,2017-02-12,1.6666666666666665,1272.4573827703678,Boeing 737-300,111,6539400.00
136190,AAQ,SVO,2016-09-25,1.6666666666666665,1272.4573827703678,Boeing 737-300,114,6540500.00
136217,AAQ,SVO,2017-06-10,1.6666666666666665,1272.4573827703678,Boeing 737-300,113,6563500.00
136158,AAQ,SVO,2016-09-05,1.6666666666666665,1272.4573827703678,Boeing 737-300,108,6569700.00
136153,AAQ,SVO,2017-03-22,1.6666666666666665,1272.4573827703678,Boeing 737-300,108,6580000.00
136304,AAQ,SVO,2016-10-23,1.6666666666666665,1272.4573827703678,Boeing 737-300,119,6588400.00
136172,AAQ,SVO,2017-01-15,1.6666666666666665,1272.4573827703678,Boeing 737-300,110,6593200.00
136160,AAQ,SVO,2017-05-09,1.6666666666666665,1272.4573827703678,Boeing 737-300,117,6594300.00
136454,AAQ,SVO,2017-08-12,1.6666666666666665,1272.4573827703678,Boeing 737-300,116,6598700.00
136508,AAQ,SVO,2017-05-26,1.6666666666666665,1272.4573827703678,Boeing 737-300,116,6607600.00
136466,AAQ,SVO,2017-05-22,1.6666666666666665,1272.4573827703678,Boeing 737-300,120,6613300.00
136133,AAQ,SVO,2017-08-02,1.6666666666666665,1272.4573827703678,Boeing 737-300,114,6623900.00
136354,AAQ,SVO,2017-07-24,1.6666666666666665,1272.4573827703678,Boeing 737-300,111,6628500.00
136177,AAQ,SVO,2016-11-30,1.6666666666666665,1272.4573827703678,Boeing 737-300,115,6643800.00
136275,AAQ,SVO,2017-01-13,1.6666666666666665,1272.4573827703678,Boeing 737-300,125,6646600.00
136432,AAQ,SVO,2017-03-09,1.6666666666666665,1272.4573827703678,Boeing 737-300,123,6654300.00
136415,AAQ,SVO,2017-05-01,1.6666666666666665,1272.4573827703678,Boeing 737-300,116,6656100.00
136248,AAQ,SVO,2017-08-09,1.6666666666666665,1272.4573827703678,Boeing 737-300,110,6656400.00
136179,AAQ,SVO,2017-08-23,1.6666666666666665,1272.4573827703678,Boeing 737-300,119,6667600.00
136424,AAQ,SVO,2017-03-13,1.6666666666666665,1272.4573827703678,Boeing 737-300,119,6671800.00
136198,AAQ,SVO,2017-07-10,1.6666666666666665,1272.4573827703678,Boeing 737-300,110,6674300.00
136193,AAQ,SVO,2016-08-27,1.6666666666666665,1272.4573827703678,Boeing 737-300,101,6674600.00
136123,AAQ,SVO,2016-08-30,1.6666666666666665,1272.4573827703678,Boeing 737-300,112,6677400.00
136252,AAQ,SVO,2016-12-20,1.6666666666666665,1272.4573827703678,Boeing 737-300,102,6686700.00
136151,AAQ,SVO,2017-06-22,1.6666666666666665,1272.4573827703678,Boeing 737-300,118,6698600.00
136192,AAQ,SVO,2017-03-26,1.6666666666666665,1272.4573827703678,Boeing 737-300,116,6703200.00
136257,AAQ,SVO,2016-12-18,1.6666666666666665,1272.4573827703678,Boeing 737-300,111,6720400.00
136139,AAQ,SVO,2017-03-07,1.6666666666666665,1272.4573827703678,Boeing 737-300,112,6721700.00
136186,AAQ,SVO,2017-05-12,1.6666666666666665,1272.4573827703678,Boeing 737-300,118,6723000.00
136337,AAQ,SVO,2017-06-30,1.6666666666666665,1272.4573827703678,Boeing 737-300,130,6724200.00
136173,AAQ,SVO,2017-06-09,1.6666666666666665,1272.4573827703678,Boeing 737-300,117,6726300.00
136377,AAQ,SVO,2016-09-14,1.6666666666666665,1272.4573827703678,Boeing 737-300,124,6733400.00
136339,AAQ,SVO,2016-09-01,1.6666666666666665,1272.4573827703678,Boeing 737-300,117,6735300.00
136210,AAQ,SVO,2016-12-21,1.6666666666666665,1272.4573827703678,Boeing 737-300,118,6736700.00
136256,AAQ,SVO,2017-05-14,1.6666666666666665,1272.4573827703678,Boeing 737-300,118,6741800.00
136494,AAQ,SVO,2016-11-29,1.6666666666666665,1272.4573827703678,Boeing 737-300,109,6764300.00
136391,AAQ,SVO,2016-12-03,1.6666666666666665,1272.4573827703678,Boeing 737-300,107,6766300.00
136232,AAQ,SVO,2017-07-29,1.6666666666666665,1272.4573827703678,Boeing 737-300,111,6779600.00
136468,AAQ,SVO,2017-07-21,1.6666666666666665,1272.4573827703678,Boeing 737-300,120,6783400.00
136222,AAQ,SVO,2017-07-13,1.6666666666666665,1272.4573827703678,Boeing 737-300,114,6791300.00
136401,AAQ,SVO,2017-04-06,1.6666666666666665,1272.4573827703678,Boeing 737-300,119,6797500.00
136266,AAQ,SVO,2017-02-27,1.6666666666666665,1272.4573827703678,Boeing 737-300,108,6797800.00
136227,AAQ,SVO,2016-11-23,1.6666666666666665,1272.4573827703678,Boeing 737-300,118,6803000.00
136414,AAQ,SVO,2017-07-16,1.6666666666666665,1272.4573827703678,Boeing 737-300,114,6810400.00
136125,AAQ,SVO,2016-08-31,1.6666666666666665,1272.4573827703678,Boeing 737-300,120,6823700.00
136121,AAQ,SVO,2016-09-19,1.6666666666666665,1272.4573827703678,Boeing 737-300,117,6827000.00
136128,AAQ,SVO,2017-05-13,1.6666666666666665,1272.4573827703678,Boeing 737-300,113,6830600.00
136238,AAQ,SVO,2017-08-15,1.6666666666666665,1272.4573827703678,Boeing 737-300,119,6836000.00
136460,AAQ,SVO,2017-08-25,1.6666666666666665,1272.4573827703678,Boeing 737-300,128,6846700.00
136223,AAQ,SVO,2016-12-13,1.6666666666666665,1272.4573827703678,Boeing 737-300,121,6853000.00
136504,AAQ,SVO,2016-10-14,1.6666666666666665,1272.4573827703678,Boeing 737-300,118,6854100.00
136119,AAQ,SVO,2017-01-03,1.6666666666666665,1272.4573827703678,Boeing 737-300,113,6865300.00
136371,AAQ,SVO,2017-06-17,1.6666666666666665,1272.4573827703678,Boeing 737-300,128,6874600.00
136283,AAQ,SVO,2017-05-19,1.6666666666666665,1272.4573827703678,Boeing 737-300,108,6875900.00
136164,AAQ,SVO,2017-01-07,1.6666666666666665,1272.4573827703678,Boeing 737-300,120,6876600.00
136116,AAQ,SVO,2017-08-05,1.6666666666666665,1272.4573827703678,Boeing 737-300,120,6890200.00
136334,AAQ,SVO,2017-08-16,1.6666666666666665,1272.4573827703678,Boeing 737-300,116,6907000.00
136340,AAQ,SVO,2017-05-20,1.6666666666666665,1272.4573827703678,Boeing 737-300,123,6908900.00
136234,AAQ,SVO,2017-06-16,1.6666666666666665,1272.4573827703678,Boeing 737-300,117,6909600.00
136405,AAQ,SVO,2017-04-19,1.6666666666666665,1272.4573827703678,Boeing 737-300,120,6912800.00
136404,AAQ,SVO,2017-03-31,1.6666666666666665,1272.4573827703678,Boeing 737-300,112,6916000.00
136409,AAQ,SVO,2017-08-10,1.6666666666666665,1272.4573827703678,Boeing 737-300,106,6916600.00
136492,AAQ,SVO,2016-12-23,1.6666666666666665,1272.4573827703678,Boeing 737-300,118,6922600.00
136154,AAQ,SVO,2016-11-07,1.6666666666666665,1272.4573827703678,Boeing 737-300,115,6926600.00
136247,AAQ,SVO,2017-06-21,1.6666666666666665,1272.4573827703678,Boeing 737-300,126,6941800.00
136271,AAQ,SVO,2016-11-01,1.6666666666666665,1272.4573827703678,Boeing 737-300,118,6942900.00
136162,AAQ,SVO,2016-11-10,1.6666666666666665,1272.4573827703678,Boeing 737-300,116,6945200.00
136325,AAQ,SVO,2016-11-27,1.6666666666666665,1272.4573827703678,Boeing 737-300,115,6954000.00
136181,AAQ,SVO,2017-01-31,1.6666666666666665,1272.4573827703678,Boeing 737-300,118,6961000.00
136457,AAQ,SVO,2016-11-12,1.6666666666666665,1272.4573827703678,Boeing 737-300,121,6963100.00
136343,AAQ,SVO,2016-11-25,1.6666666666666665,1272.4573827703678,Boeing 737-300,128,6964500.00
136236,AAQ,SVO,2016-11-22,1.6666666666666665,1272.4573827703678,Boeing 737-300,111,6966200.00
136239,AAQ,SVO,2016-11-17,1.6666666666666665,1272.4573827703678,Boeing 737-300,124,6977800.00
136365,AAQ,SVO,2016-09-30,1.6666666666666665,1272.4573827703678,Boeing 737-300,108,6983300.00
136436,AAQ,SVO,2017-01-26,1.6666666666666665,1272.4573827703678,Boeing 737-300,124,6990900.00
136439,AAQ,SVO,2017-02-25,1.6666666666666665,1272.4573827703678,Boeing 737-300,117,7011200.00
136209,AAQ,SVO,2017-01-06,1.6666666666666665,1272.4573827703678,Boeing 737-300,112,7017800.00
136417,AAQ,SVO,2016-10-29,1.6666666666666665,1272.4573827703678,Boeing 737-300,117,7019800.00
136493,AAQ,SVO,2016-09-16,1.6666666666666665,1272.4573827703678,Boeing 737-300,113,7025200.00
136479,AAQ,SVO,2017-02-21,1.6666666666666665,1272.4573827703678,Boeing 737-300,122,7028600.00
136428,AAQ,SVO,2017-01-21,1.6666666666666665,1272.4573827703678,Boeing 737-300,115,7034800.00
136403,AAQ,SVO,2017-02-20,1.6666666666666665,1272.4573827703678,Boeing 737-300,129,7038800.00
136477,AAQ,SVO,2017-07-09,1.6666666666666665,1272.4573827703678,Boeing 737-300,123,7039700.00
136496,AAQ,SVO,2017-06-19,1.6666666666666665,1272.4573827703678,Boeing 737-300,118,7042100.00
136292,AAQ,SVO,2017-04-03,1.6666666666666665,1272.4573827703678,Boeing 737-300,129,7049700.00
136226,AAQ,SVO,2017-01-30,1.6666666666666665,1272.4573827703678,Boeing 737-300,130,7050200.00
136301,AAQ,SVO,2017-07-30,1.6666666666666665,1272.4573827703678,Boeing 737-300,124,7055700.00
136452,AAQ,SVO,2017-02-17,1.6666666666666665,1272.4573827703678,Boeing 737-300,109,7062300.00
136347,AAQ,SVO,2017-03-23,1.6666666666666665,1272.4573827703678,Boeing 737-300,122,7065800.00
136400,AAQ,SVO,2016-10-21,1.6666666666666665,1272.4573827703678,Boeing 737-300,119,7072900.00
136501,AAQ,SVO,2016-09-26,1.6666666666666665,1272.4573827703678,Boeing 737-300,118,7088100.00
136321,AAQ,SVO,2017-07-23,1.6666666666666665,1272.4573827703678,Boeing 737-300,114,7091200.00
136274,AAQ,SVO,2016-09-09,1.6666666666666665,1272.4573827703678,Boeing 737-300,121,7095700.00
136148,AAQ,SVO,2017-04-29,1.6666666666666665,1272.4573827703678,Boeing 737-300,109,7099600.00
136214,AAQ,SVO,2017-06-02,1.6666666666666665,1272.4573827703678,Boeing 737-300,112,7099800.00
136447,AAQ,SVO,2016-12-11,1.6666666666666665,1272.4573827703678,Boeing 737-300,116,7101100.00
136373,AAQ,SVO,2017-07-06,1.6666666666666665,1272.4573827703678,Boeing 737-300,124,7108000.00
136131,AAQ,SVO,2017-01-28,1.6666666666666665,1272.4573827703678,Boeing 737-300,124,7111900.00
136462,AAQ,SVO,2017-07-03,1.6666666666666665,1272.4573827703678,Boeing 737-300,122,7123500.00
136353,AAQ,SVO,2016-10-22,1.6666666666666665,1272.4573827703678,Boeing 737-300,121,7142700.00
136237,AAQ,SVO,2016-10-02,1.6666666666666665,1272.4573827703678,Boeing 737-300,118,7150000.00
136149,AAQ,SVO,2016-10-15,1.6666666666666665,1272.4573827703678,Boeing 737-300,125,7155900.00
136474,AAQ,SVO,2016-12-02,1.6666666666666665,1272.4573827703678,Boeing 737-300,130,7157300.00
136242,AAQ,SVO,2016-10-01,1.6666666666666665,1272.4573827703678,Boeing 737-300,118,7157800.00
136263,AAQ,SVO,2016-09-29,1.6666666666666665,1272.4573827703678,Boeing 737-300,122,7159000.00
136426,AAQ,SVO,2017-06-24,1.6666666666666665,1272.4573827703678,Boeing 737-300,125,7171900.00
136341,AAQ,SVO,2017-05-17,1.6666666666666665,1272.4573827703678,Boeing 737-300,118,7174300.00
136389,AAQ,SVO,2017-01-18,1.6666666666666665,1272.4573827703678,Boeing 737-300,129,7175800.00
136298,AAQ,SVO,2017-05-29,1.6666666666666665,1272.4573827703678,Boeing 737-300,118,7176700.00
136233,AAQ,SVO,2017-04-01,1.6666666666666665,1272.4573827703678,Boeing 737-300,121,7200800.00
136200,AAQ,SVO,2017-08-18,1.6666666666666665,1272.4573827703678,Boeing 737-300,130,7239700.00
136463,AAQ,SVO,2017-01-20,1.6666666666666665,1272.4573827703678,Boeing 737-300,122,7247500.00
136338,AAQ,SVO,2016-12-19,1.6666666666666665,1272.4573827703678,Boeing 737-300,128,7253500.00
136500,AAQ,SVO,2017-05-15,1.6666666666666665,1272.4573827703678,Boeing 737-300,122,7253700.00
136451,AAQ,SVO,2016-10-20,1.6666666666666665,1272.4573827703678,Boeing 737-300,120,7256000.00
136369,AAQ,SVO,2016-10-24,1.6666666666666665,1272.4573827703678,Boeing 737-300,117,7262100.00
136487,AAQ,SVO,2017-04-14,1.6666666666666665,1272.4573827703678,Boeing 737-300,127,7270200.00
136189,AAQ,SVO,2016-09-06,1.6666666666666665,1272.4573827703678,Boeing 737-300,129,7270300.00
136382,AAQ,SVO,2017-05-16,1.6666666666666665,1272.4573827703678,Boeing 737-300,119,7275800.00
136286,AAQ,SVO,2017-03-29,1.6666666666666665,1272.4573827703678,Boeing 737-300,123,7276800.00
136441,AAQ,SVO,2017-02-03,1.6666666666666665,1272.4573827703678,Boeing 737-300,128,7280900.00
136333,AAQ,SVO,2017-04-23,1.6666666666666665,1272.4573827703678,Boeing 737-300,120,7283400.00
136316,AAQ,SVO,2017-01-12,1.6666666666666665,1272.4573827703678,Boeing 737-300,130,7289300.00
136362,AAQ,SVO,2017-08-07,1.6666666666666665,1272.4573827703678,Boeing 737-300,115,7299500.00
136482,AAQ,SVO,2017-03-30,1.6666666666666665,1272.4573827703678,Boeing 737-300,111,7299500.00
136150,AAQ,SVO,2017-04-11,1.6666666666666665,1272.4573827703678,Boeing 737-300,121,7314900.00
136438,AAQ,SVO,2017-04-26,1.6666666666666665,1272.4573827703678,Boeing 737-300,116,7322700.00
136264,AAQ,SVO,2017-02-18,1.6666666666666665,1272.4573827703678,Boeing 737-300,116,7340200.00
136456,AAQ,SVO,2017-04-04,1.6666666666666665,1272.4573827703678,Boeing 737-300,122,7340600.00
136159,AAQ,SVO,2017-01-04,1.6666666666666665,1272.4573827703678,Boeing 737-300,115,7344900.00
136168,AAQ,SVO,2017-03-08,1.6666666666666665,1272.4573827703678,Boeing 737-300,109,7362600.00
136448,AAQ,SVO,2017-08-01,1.6666666666666665,1272.4573827703678,Boeing 737-300,126,7384100.00
136444,AAQ,SVO,2017-05-07,1.6666666666666665,1272.4573827703678,Boeing 737-300,115,7418200.00
136187,AAQ,SVO,2016-12-01,1.6666666666666665,1272.4573827703678,Boeing 737-300,129,7439500.00
136127,AAQ,SVO,2017-04-17,1.6666666666666665,1272.4573827703678,Boeing 737-300,121,7489200.00
136399,AAQ,SVO,2017-05-21,1.6666666666666665,1272.4573827703678,Boeing 737-300,107,7490700.00
136328,AAQ,SVO,2016-09-21,1.6666666666666665,1272.4573827703678,Boeing 737-300,123,7505200.00
136319,AAQ,SVO,2017-03-12,1.6666666666666665,1272.4573827703678,Boeing 737-300,129,7520700.00
136348,AAQ,SVO,2017-02-10,1.6666666666666665,1272.4573827703678,Boeing 737-300,120,7552600.00
136368,AAQ,SVO,2016-12-31,1.6666666666666665,1272.4573827703678,Boeing 737-300,130,7555400.00
136262,AAQ,SVO,2016-12-28,1.6666666666666665,1272.4573827703678,Boeing 737-300,128,7565600.00
136296,AAQ,SVO,2016-12-29,1.6666666666666665,1272.4573827703678,Boeing 737-300,117,7568500.00
136305,AAQ,SVO,2017-03-18,1.6666666666666665,1272.4573827703678,Boeing 737-300,116,7573000.00
136117,AAQ,SVO,2016-11-11,1.6666666666666665,1272.4573827703678,Boeing 737-300,123,7611300.00
136208,AAQ,SVO,2016-10-17,1.6666666666666665,1272.4573827703678,Boeing 737-300,121,7611600.00
136359,AAQ,SVO,2016-10-11,1.6666666666666665,1272.4573827703678,Boeing 737-300,126,7614500.00
136408,AAQ,SVO,2016-10-12,1.6666666666666665,1272.4573827703678,Boeing 737-300,124,7619700.00
136184,AAQ,SVO,2017-05-08,1.6666666666666665,1272.4573827703678,Boeing 737-300,130,7629100.00
136330,AAQ,SVO,2017-08-14,1.6666666666666665,1272.4573827703678,Boeing 737-300,129,7647800.00
136478,AAQ,SVO,2017-07-17,1.6666666666666665,1272.4573827703678,Boeing 737-300,129,7667200.00
136156,AAQ,SVO,2017-03-25,1.6666666666666665,1272.4573827703678,Boeing 737-300,122,7693300.00
136427,AAQ,SVO,2017-03-02,1.6666666666666665,1272.4573827703678,Boeing 737-300,130,7731100.00
136480,AAQ,SVO,2017-07-27,1.6666666666666665,1272.4573827703678,Boeing 737-300,124,7757800.00
136169,AAQ,SVO,2017-05-02,1.6666666666666665,1272.4573827703678,Boeing 737-300,129,7765900.00
136293,AAQ,SVO,2017-01-23,1.6666666666666665,1272.4573827703678,Boeing 737-300,114,7796700.00
136197,AAQ,SVO,2017-04-25,1.6666666666666665,1272.4573827703678,Boeing 737-300,130,7820600.00
136331,AAQ,SVO,2017-06-18,1.6666666666666665,1272.4573827703678,Boeing 737-300,110,7837400.00
136387,AAQ,SVO,2017-01-19,1.6666666666666665,1272.4573827703678,Boeing 737-300,121,7841400.00
136350,AAQ,SVO,2016-08-29,1.6666666666666665,1272.4573827703678,Boeing 737-300,129,7859400.00
136166,AAQ,SVO,2017-07-18,1.6666666666666665,1272.4573827703678,Boeing 737-300,125,7874800.00
136272,AAQ,SVO,2016-11-19,1.6666666666666665,1272.4573827703678,Boeing 737-300,130,7888600.00
136138,AAQ,SVO,2017-05-31,1.6666666666666665,1272.4573827703678,Boeing 737-300,130,7910700.00
136385,AAQ,SVO,2016-12-16,1.6666666666666665,1272.4573827703678,Boeing 737-300,128,7954000.00
136361,AAQ,SVO,2016-11-14,1.6666666666666665,1272.4573827703678,Boeing 737-300,121,7974500.00
136390,AAQ,SVO,2016-12-26,1.6666666666666665,1272.4573827703678,Boeing 737-300,125,8000700.00
136161,AAQ,SVO,2016-10-18,1.6666666666666665,1272.4573827703678,Boeing 737-300,121,8066500.00
136507,AAQ,SVO,2017-07-05,1.6666666666666665,1272.4573827703678,Boeing 737-300,127,8069400.00
136277,AAQ,SVO,2017-07-12,1.6666666666666665,1272.4573827703678,Boeing 737-300,120,8095500.00
136473,AAQ,SVO,2017-08-17,1.6666666666666665,1272.4573827703678,Boeing 737-300,130,8096400.00
136311,AAQ,SVO,2016-10-10,1.6666666666666665,1272.4573827703678,Boeing 737-300,129,8112400.00
136471,AAQ,SVO,2017-01-17,1.6666666666666665,1272.4573827703678,Boeing 737-300,120,8128500.00
136307,AAQ,SVO,2017-03-03,1.6666666666666665,1272.4573827703678,Boeing 737-300,125,8135800.00
136465,AAQ,SVO,2016-12-15,1.6666666666666665,1272.4573827703678,Boeing 737-300,130,8292000.00
136355,AAQ,SVO,2016-09-11,1.6666666666666665,1272.4573827703678,Boeing 737-300,126,8355000.00
136218,AAQ,SVO,2017-08-27,1.6666666666666665,1272.4573827703678,Boeing 737-300,116,8361100.00
136273,AAQ,SVO,2016-12-09,1.6666666666666665,1272.4573827703678,Boeing 737-300,129,8408300.00
136152,AAQ,SVO,2017-07-20,1.6666666666666665,1272.4573827703678,Boeing 737-300,130,8535600.00
136423,AAQ,SVO,2017-01-10,1.6666666666666665,1272.4573827703678,Boeing 737-300,129,8549400.00
136407,AAQ,SVO,2016-10-04,1.6666666666666665,1272.4573827703678,Boeing 737-300,128,8967700.00
136224,AAQ,SVO,2017-03-15,1.6666666666666665,1272.4573827703678,Boeing 737-300,126,9448400.00
